Accounting & Advisory,"Actuarial Studies, Insurance & Risk",Aerospace Engineering & Aviation,Agriculture & Agribusiness,Animation & VFX,Archaeology & History,Architecture,Artificial Intelligence & Machine Learning,Biology & Biochemistry,Biomedical Engineering & Sciences,"Business, Commerce & Management",Chemical & Process Engineering,Chemistry,Civil & Structural Engineering,Communications & Public Relations,Computer Science & Software Engineering,Construction Management,"Creative, Performing & Visual Arts",Criminology & Forensic Science,Customer Success & Client Services,Cybersecurity,Data Science & Analytics,Design & User Experience,Economics,Education & Teaching,Electrical & Electronic Engineering,Environment & Sustainability,Environmental Engineering,"Events, Tourism & Hospitality",Exercise & Sport Sciences,Fashion,Film & TV Production,Finance & Banking,Food Science & Technology,Game Design & Development,Geology & Earth Sciences,Geospatial & GIS,Geotechnical Engineering,Government & Public Administration,Healthcare Administration & Management,HR & Recruitment,Information Technology,Intelligence & National Security,Interior Design,International Development & NGOs,Investment Banking,Language & Linguistics,Law,Management Consulting,Manufacturing and Industrial Engineering,Marketing,Materials Engineering,Mathematics & Statistics,Mechanical & Mechatronic Engineering,Medicine,Midwifery,Mining & Resources Engineering,Music & Audio Production,Network & Telecommunications Engineering,Nursing,Nutrition & Dietetics,Occupational Health & Safety,Pharmacy & Pharmaceuticals,Physics,Physiotherapy & Occupational Therapy,Policy & International Relations,Private Equity & Hedge funds,Product Management,Project Management,Property Development & Management,Psychology & Counselling,Public Health,Sales & Business Development,Social Work,Supply Chain & Logistics,Surveying,Trading,Urban Planning,Venture Capital,Veterinary Science,"Writing, Journalism & Publishing",Zoology
Deloitte,UnitedHealth Group,Boeing,Cargill,Walt Disney Animation Studios,National Park Service,Gensler,Google,Johnson & Johnson,Johnson & Johnson,JPMorgan Chase,ExxonMobil,Dow,AECOM,Edelman,Google,Turner Construction Company,Walt Disney Company,Federal Bureau of Investigation,Salesforce,Palo Alto Networks,Google,Apple,Federal Reserve System,Pearson,Intel,NextEra Energy,AECOM,Marriott International,Nike,Nike,Walt Disney Studios,JPMorgan Chase,PepsiCo,Electronic Arts,ExxonMobil,Esri,AECOM,NASA,UnitedHealth Group,ADP,Microsoft,Central Intelligence Agency,Gensler,United Nations,Goldman Sachs,Google,Kirkland & Ellis,McKinsey & Company,Boeing,Procter & Gamble,Intel,National Security Agency,Tesla,Mayo Clinic,Kaiser Permanente,Freeport-McMoRan,Universal Music Group,Cisco,Mayo Clinic,Sodexo,3M,Pfizer,NASA,Encompass Health,U.S. Department of State,Blackstone,Google,Google,CBRE,U.S. Department of Veterans Affairs,Centers for Disease Control and Prevention,Salesforce,U.S. Department of Veterans Affairs,Amazon,Trimble Inc.,Goldman Sachs,AECOM,Sequoia Capital,Mars Petcare,The New York Times Company,San Diego Zoo Wildlife Alliance
PwC,CVS Health,Lockheed Martin,Archer Daniels Midland (ADM),Pixar Animation Studios,Smithsonian Institution,Perkins&Will,Microsoft,Pfizer,Medtronic,Goldman Sachs,Chevron,DuPont,Jacobs,Weber Shandwick,Microsoft,Bechtel,Netflix,Central Intelligence Agency,Microsoft,CrowdStrike,Amazon,Google,JPMorgan Chase,McGraw Hill,Apple,Waste Management,Jacobs,Hilton,Adidas,LVMH,Warner Bros. Pictures,Goldman Sachs,Nestle,Activision Blizzard,Chevron,Google,Jacobs,U.S. Department of State,CVS Health,Robert Half,Google,Federal Bureau of Investigation,HOK,World Bank,J.P. Morgan,Microsoft,Latham & Watkins,Boston Consulting Group (BCG),Caterpillar,Google,Applied Materials,Google,Boeing,Cleveland Clinic,Planned Parenthood,Newmont,Sony Music Entertainment,Verizon,Cleveland Clinic,Compass Group,Honeywell,Johnson & Johnson,SpaceX,Select Medical,United Nations,KKR,Amazon,Amazon,Jones Lang LaSalle (JLL),LifeStance Health,National Institutes of Health,Microsoft,UnitedHealth Group,UPS,Hexagon AB,Morgan Stanley,Jacobs,Andreessen Horowitz,Banfield Pet Hospital,The Washington Post,Smithsonian National Zoological Park
EY,State Farm,Northrop Grumman,John Deere,DreamWorks Animation,Bureau of Land Management,HDR,NVIDIA,Merck & Co.,GE HealthCare,Google,Dow,ExxonMobil,WSP USA,FleishmanHillard,Amazon,Kiewit Corporation,Warner Bros. Discovery,Drug Enforcement Administration,Amazon,Microsoft,Microsoft,Meta,Goldman Sachs,Houghton Mifflin Harcourt,NVIDIA,AECOM,Tetra Tech,The Walt Disney Company,Under Armour,Ralph Lauren,Universal Pictures,Morgan Stanley,Kraft Heinz,Epic Games,ConocoPhillips,Maxar Technologies,Terracon,Federal Bureau of Investigation,HCA Healthcare,Korn Ferry,Amazon,National Security Agency,IA Interior Architects,USAID,Morgan Stanley,Meta,DLA Piper,Bain & Company,Lockheed Martin,Coca-Cola,3M,Microsoft,SpaceX,Johns Hopkins Medicine,HCA Healthcare,Rio Tinto,Warner Music Group,AT&T,Johns Hopkins Medicine,Aramark,Amazon,Merck & Co.,Boeing,Select Rehabilitation,Central Intelligence Agency,The Carlyle Group,Meta,Microsoft,Cushman & Wakefield,Thriveworks,World Health Organization,Google,Kaiser Permanente,FedEx,"Autodesk, Inc.",JPMorgan Chase,WSP,Accel,VCA Animal Hospitals,The Wall Street Journal,Wildlife Conservation Society
KPMG,Progressive,SpaceX,Corteva Agriscience,Industrial Light & Magic,U.S. Forest Service,HOK,OpenAI,Eli Lilly,Abbott,Amazon,Shell,BASF,HDR,Ketchum,Meta,Fluor Corporation,NBCUniversal,U.S. Secret Service,Google,Cisco,Meta,Microsoft,Morgan Stanley,Scholastic,Google,Jacobs,WSP,Hyatt Hotels Corporation,Peloton,Gap Inc.,Sony Pictures,Bank of America,General Mills,Rockstar Games,Shell,Trimble,WSP USA,Central Intelligence Agency,Mayo Clinic,Mercer,Apple,Defense Intelligence Agency,Perkins&Will,Bill & Melinda Gates Foundation,Bank of America,Amazon,"Skadden, Arps, Slate, Meagher & Flom",Deloitte,Tesla,PepsiCo,Apple,Amazon,Lockheed Martin,Massachusetts General Hospital,Mayo Clinic,BHP,Walt Disney Company,T-Mobile,Kaiser Permanente,Abbott,Boeing,AbbVie,Lockheed Martin,Athletico Physical Therapy,World Bank Group,Apollo Global Management,Apple,Apple,Greystar,Kaiser Permanente,U.S. Department of Health and Human Services,Oracle,HCA Healthcare,DHL,Esri,Bank of America,HDR,Kleiner Perkins,BluePearl Specialty and Emergency Pet Hospital,Bloomberg,World Wildlife Fund
RSM,Liberty Mutual Insurance,Raytheon Technologies,Bayer,Sony Pictures Imageworks,Bureau of Reclamation,SOM,Meta,AbbVie,Boston Scientific,Microsoft,DuPont,Pfizer,Bechtel,BCW,Apple,AECOM,Paramount Global,"Bureau of Alcohol, Tobacco, Firearms and Explosives",Oracle,Fortinet,Apple,Amazon,Bank of America,Cengage,Microsoft,ERM (Environmental Resources Management),Bechtel,InterContinental Hotels Group,Lululemon,Levi Strauss & Co.,Paramount Pictures,Citigroup,Mars,Microsoft Gaming,BP,Hexagon,Stantec,U.S. Department of Defense,Kaiser Permanente,Randstad,Meta,National Geospatial-Intelligence Agency,Rockwell Group,International Rescue Committee,Citigroup,Apple,Sidley Austin,PwC,General Motors,Nike,Tesla,Meta,NASA,Kaiser Permanente,Cleveland Clinic,Barrick Gold,Apple,Comcast,HCA Healthcare,Nestle,ExxonMobil,Eli Lilly,Northrop Grumman,ATI Physical Therapy,USAID,TPG,Microsoft,Meta,Hines,UnitedHealth Group,U.S. Food and Drug Administration,IBM,The Salvation Army,C.H. Robinson,Fugro N.V.,Citi,Arcadis,Benchmark,National Veterinary Associates,The Associated Press,National Audubon Society
BDO,Allstate,NASA,Nutrien,Sony Pictures Animation,U.S. Army Corps of Engineers,HKS,Amazon,Amgen,Stryker,Apple,BP,Johnson & Johnson,Fluor,Ogilvy,NVIDIA,The Whiting-Turner Contracting Company,Sony Pictures Entertainment,Department of Homeland Security,HubSpot,Mandiant,NVIDIA,Adobe,Citigroup,Chegg,Tesla,Tesla,Stantec,MGM Resorts International,Gatorade,Nordstrom,Netflix,Wells Fargo,Kellogg's,Riot Games,Schlumberger,L3Harris Technologies,Arup,U.S. Department of Justice,Johnson & Johnson,Adecco,NVIDIA,Lockheed Martin,Nelson Worldwide,Save the Children,Evercore,OpenAI,White & Case,EY,Ford Motor Company,Disney,Boeing,NVIDIA,Apple,UnitedHealth Group,Providence Health & Services,Albemarle Corporation,Amazon Music,Amazon Web Services,Massachusetts General Hospital,PepsiCo,Tesla,Bristol Myers Squibb,Raytheon Technologies,Kindred Healthcare,Council on Foreign Relations,Bain Capital,Netflix,Deloitte,Blackstone,Elevance Health,United Nations Children's Fund,Amazon,Catholic Charities USA,J.B. Hunt Transport Services,Jacobs Engineering Group Inc.,Citadel,Gensler,Founders Fund,Zoetis,Reuters,U.S. Fish and Wildlife Service
Grant Thornton,MetLife,Blue Origin,Land O'Lakes,Warner Bros. Discovery,Natural Resources Conservation Service,Corgan,Apple,Bristol Myers Squibb,Philips Healthcare,Deloitte,LyondellBasell,Merck & Co.,Kiewit,Hill & Knowlton,Netflix,STO Building Group,Apple,Quest Diagnostics,ServiceNow,Google,Netflix,Netflix,McKinsey & Company,Coursera,Boeing,Tetra Tech,HDR,Carnival Corporation,EXOS,Estee Lauder,Amazon MGM Studios,BlackRock,Mondelez International,Take-Two Interactive,Halliburton,Leidos,HDR,Environmental Protection Agency,Elevance Health,ManpowerGroup,IBM,Northrop Grumman,Hirsch Bedner Associates,CARE,Lazard,Duolingo,Baker McKenzie,KPMG,Intel,Amazon,Lockheed Martin,Goldman Sachs,Google,HCA Healthcare,Ascension Health,Cleveland-Cliffs,Spotify,Google,NewYork-Presbyterian Hospital,Unilever,Lockheed Martin,Amgen,Intel,Genesis Rehab Services,International Monetary Fund,Warburg Pincus,Salesforce,Accenture,Brookfield Properties,CVS Health,United States Agency for International Development,Cisco,American Red Cross,Maersk,WSP Global Inc.,Jane Street,Perkins&Will,Bessemer Venture Partners,Merck Animal Health,CNN,National Park Service
Baker Tilly,Prudential Financial,Honeywell,Tyson Foods,Nickelodeon Animation Studio,AECOM,Stantec,IBM,Gilead Sciences,Siemens Healthineers,McKinsey & Company,3M,Eli Lilly,Tetra Tech,MSL,Alphabet,DPR Construction,Google,Labcorp,Adobe,Amazon Web Services,Alphabet,Airbnb,Boston Consulting Group,Duolingo,Lockheed Martin,WSP,Arcadis,Royal Caribbean Group,Johnson & Johnson,VF Corporation,Apple TV+,American Express,Tyson Foods,Valve Corporation,United States Geological Survey,Northrop Grumman,Tetra Tech,U.S. Department of Health and Human Services,Centene,Insperity,Oracle,Boeing,Jacobs,Catholic Relief Services,Centerview Partners,LinkedIn,Gibson Dunn & Crutcher,Accenture,General Electric,Meta,SpaceX,JPMorgan Chase,Microsoft,New York-Presbyterian Hospital,Advocate Health,Peabody Energy,Live Nation Entertainment,Microsoft,UCLA Health,U.S. Department of Veterans Affairs,Chevron,Gilead Sciences,IBM,Upstream Rehabilitation,Department of Defense,Thoma Bravo,Adobe,PwC,Tishman Speyer,Centene Corporation,Environmental Protection Agency,SAP,Mayo Clinic,Kuehne + Nagel,Stantec Inc.,Susquehanna International Group (SIG),Stantec,New Enterprise Associates,Elanco Animal Health,NBCUniversal,U.S. Geological Survey
Crowe,New York Life Insurance,General Dynamics,CHS Inc.,Netflix,SWCA Environmental Consultants,AECOM,Tesla,Regeneron,Baxter International,Boston Consulting Group,Pfizer,Chevron,Stantec,Golin,Tesla,Skanska USA,Nike,Abbott,Workday,IBM,OpenAI,Uber,Bain & Company,Khan Academy,Samsung Electronics,Republic Services,CDM Smith,Four Seasons Hotels and Resorts,Mayo Clinic,Tapestry,HBO,Fidelity Investments,Coca-Cola,Sony Interactive Entertainment,National Oceanic and Atmospheric Administration,Lockheed Martin,Bechtel,U.S. Agency for International Development,The Cigna Group,Paychex,Salesforce,Raytheon Technologies,Leo A Daly,World Vision,PJT Partners,Netflix,"Morgan, Lewis & Bockius",Oliver Wyman,Honeywell,Apple,Northrop Grumman,Citadel,General Electric,MD Anderson Cancer Center,Sutter Health,Mosaic,Netflix,NVIDIA,Stanford Health Care,Mayo Clinic,AECOM,Moderna,Google,U.S. Physical Therapy,Peace Corps,Silver Lake,Spotify,EY,Related Companies,Humana,Johns Hopkins Medicine,Meta,CVS Health,DSV,Tetra Tech,Hudson River Trading (HRT),Kimley-Horn,General Catalyst,Boehringer Ingelheim Animal Health,ABC News,Bureau of Land Management
CohnReznick,Travelers,Collins Aerospace,Syngenta,Illumination,SEARCH,DLR Group,Anthropic,Vertex Pharmaceuticals,Becton Dickinson,Bain & Company,Johnson & Johnson,3M,Burns & McDonnell,APCO Worldwide,OpenAI,Clark Construction Group,Meta,Eurofins Scientific,Zendesk,Deloitte,IBM,Salesforce,World Bank,Teach For America,General Electric,First Solar,Black & Veatch,Darden Restaurants,Cleveland Clinic,PVH Corp.,Lionsgate,Charles Schwab,Cargill,Naughty Dog,Freeport-McMoRan,BAE Systems,Golder Associates,Peace Corps,Humana,TriNet,Cisco,General Dynamics,Stantec,Mercy Corps,Moelis & Company,IBM,Jones Day,Strategy&,John Deere,Johnson & Johnson,Raytheon Technologies,Jane Street,Ford Motor Company,Stanford Health Care,Banner Health,Alcoa,Warner Bros. Discovery,Meta,Cedars-Sinai Medical Center,Cleveland Clinic,Jacobs,Regeneron,Microsoft,Ivy Rehab,Center for Strategic and International Studies,Advent International,Uber,KPMG,Prologis,HCA Healthcare,Mayo Clinic,Apple,DaVita,Ryder System,Dewberry,Two Sigma,HNTB,Lightspeed Venture Partners,IDEXX Laboratories,CBS News,National Oceanic and Atmospheric Administration
Plante Moran,Geico,Pratt & Whitney,Dairy Farmers of America,Paramount Animation,Arcadis,SmithGroup,Alphabet,Thermo Fisher Scientific,Intuitive,Morgan Stanley,Procter & Gamble,Honeywell,HNTB,Finn Partners,Salesforce,Gilbane Building Company,Amazon,Thermo Fisher Scientific,SAP,Accenture,Tesla,IBM,International Monetary Fund,Bright Horizons,Texas Instruments,Microsoft,GHD,Wyndham Hotels & Resorts,Hospital for Special Surgery,TJX Companies,20th Century Studios,The Vanguard Group,Archer Daniels Midland,Bungie,Newmont,Planet,Geosyntec Consultants,U.S. Department of the Treasury,McKesson,Workday,Adobe,Leidos,CallisonRTKL,FHI 360,Guggenheim Securities,NVIDIA,Hogan Lovells,EY-Parthenon,Northrop Grumman,Unilever,General Electric,Two Sigma,General Motors,UCSF Health,UnitedHealth Group,Southern Copper,Paramount Global,Lockheed Martin,Duke Health,UnitedHealth Group,ERM,Vertex Pharmaceuticals,NVIDIA,Aegis Therapies,Brookings Institution,Vista Equity Partners,Airbnb,McKinsey & Company,Simon Property Group,Ascension,Cleveland Clinic,Procter & Gamble,VITAS Healthcare,Expeditors International,"Woolpert, Inc.",Jump Trading,Parsons Corporation,Greylock Partners,Covetrus,FOX Corporation,The Nature Conservancy
EisnerAmper,Nationwide,GE Aerospace,JBS USA,Digital Domain,Tetra Tech,Perkins Eastman,Intel,Genentech,Zimmer Biomet,PwC,Honeywell,Procter & Gamble,Thornton Tomasetti,Ruder Finn,Adobe,Hensel Phelps,Live Nation Entertainment,Booz Allen Hamilton,IBM,National Security Agency,Salesforce,IDEO,Amazon,KinderCare Learning Centers,SpaceX,Google,Burns & McDonnell,Choice Hotels International,Equinox,Target,Marvel Studios,Capital One,Campbell Soup Company,Roblox Corporation,AECOM,HERE Technologies,Haley & Aldrich,Smithsonian Institution,Cardinal Health,Heidrick & Struggles,Intel,Booz Allen Hamilton,CannonDesign,Habitat for Humanity,Houlihan Lokey,Adobe,Norton Rose Fulbright,Kearney,Raytheon Technologies,Microsoft,Dow,NASA,Northrop Grumman,Cedars-Sinai Medical Center,CommonSpirit Health,Vulcan Materials,NBCUniversal,Boeing,University of Pennsylvania Health System,Kaiser Permanente,Concentra,Biogen,Apple,Benchmark Physical Therapy,Booz Allen Hamilton,General Atlantic,LinkedIn,Boston Consulting Group,Colliers,CommonSpirit Health,Kaiser Permanente,Johnson & Johnson,Universal Health Services,Penske Logistics,NV5 Global,Virtu Financial,MIG,Insight Partners,Patterson Companies,NPR,SeaWorld Parks & Entertainment
Citrin Cooperman,AIG,L3Harris Technologies,Conagra Brands,Weta FX,HDR,CannonDesign,AMD,Moderna,Thermo Fisher Scientific,EY,Air Products,Ecolab,Kimley-Horn,Real Chemistry,Oracle,Mortenson,Condé Nast,Deloitte,Slack,Zscaler,Oracle,Frog Design,Google,The Goddard School,Northrop Grumman,Amazon,Kiewit,Vail Resorts,Life Time,Walmart,Lucasfilm,Visa,Conagra Brands,Insomniac Games,Arcadis,Garmin,Langan,Government Accountability Office,Abbott Laboratories,Spencer Stuart,Deloitte,CACI International,Corgan,The Salvation Army,,Salesforce,Greenberg Traurig,L.E.K. Consulting,Cummins,American Express,DuPont,U.S. Census Bureau,Raytheon Technologies,Duke Health,,Martin Marietta,Skywalker Sound,Northrop Grumman,Northwestern Medicine,General Mills,Occupational Safety and Health Administration (OSHA),CVS Health,Tesla,FYZICAL Therapy & Balance Centers,Deloitte,Hellman & Friedman,,Bain & Company,Newmark,Trinity Health,UnitedHealth Group,Dell Technologies,LifeStance Health,XPO,"SAM, LLC",D. E. Shaw & Co.,Sasaki,Tiger Global Management,VetCor,Time,Disney's Animal Kingdom
Eide Bailly,Humana,Textron,The Mosaic Company,Method Studios,Stantec,Populous,Palantir Technologies,Novartis,Danaher,KPMG,Linde,Sherwin-Williams,Arup,Inizio Evoke,Intel,McCarthy Building Companies,The New York Times Company,Leidos,Zoom,Cloudflare,Adobe,Work & Co,Microsoft,Sylvan Learning,Raytheon Technologies,Apple,Parsons Corporation,Aramark,UFC Performance Institute,Amazon,Pixar Animation Studios,Mastercard,Hershey's,Ubisoft,Stantec,Jacobs,Arcadis,U.S. Department of Commerce,Medtronic,Deloitte,Accenture,SAIC,DLR Group,Clinton Foundation,,Oracle,Goodwin Procter,Booz Allen Hamilton,Apple,Netflix,Corning,IBM,Amazon,Northwestern Medicine,,MP Materials,Dolby Laboratories,Raytheon Technologies,NYU Langone Health,Kellogg's,National Institute for Occupational Safety and Health (NIOSH),Walgreens Boots Alliance,Amazon,CORA Physical Therapy,McKinsey & Company,Insight Partners,,IBM,Marcus & Millichap,Providence,Anthem,HP,Centene Corporation,Landstar System,"L3Harris Technologies, Inc.",Tower Research Capital,Page,Thrive Capital,Thrive Pet Healthcare,Forbes Media,Monterey Bay Aquarium
Andersen,Elevance Health,Gulfstream Aerospace,CF Industries,The Mill,WSP,NBBJ,Adobe,AstraZeneca,Merck,Procter & Gamble,BASF,Air Products,Black & Veatch,WPP,IBM,JE Dunn Construction,Hearst Corporation,General Dynamics,LinkedIn,Check Point Software Technologies,Databricks,Lyft,Meta,Kaplan,Qualcomm,Meta,ERM,Compass Group,Red Bull,Macy's,DreamWorks Animation,U.S. Bancorp,Danone,Warner Bros. Games,Jacobs,AECOM,Kiewit Corporation,U.S. Department of Homeland Security,Pfizer,PwC,PwC,Palantir Technologies,HKS,Ford Foundation,,Grammarly,Ropes & Gray,Roland Berger,Microsoft,L'Oreal,Micron Technology,Apple,NVIDIA,Brigham and Women's Hospital,,Teck Resources,Avid Technology,General Dynamics,Memorial Sloan Kettering Cancer Center,Kraft Heinz,IBM,AstraZeneca,General Electric,PT Solutions,Boston Consulting Group,Roark Capital Group,,Bechtel,AvalonBay Communities,Tenet Healthcare,Humana,Intel,Humana,Schneider,"FARO Technologies, Inc.",Point72,HOK,GV,Ethos Veterinary Health,Condé Nast,Georgia Aquarium
Armanino,Northwestern Mutual,United Airlines,GROWMARK,Framestore,Jacobs,Kohn Pedersen Fox,Oracle,Sanofi,Pfizer,PepsiCo,Eastman Chemical,Linde,Parsons Corporation,Omnicom Group,Uber,PCL Construction,Electronic Arts,Northrop Grumman,Meta,Okta,Snowflake,Pinterest,Apple,College Board,IBM,Patagonia,Wood,Expedia Group,Dick's Sporting Goods,Kohl's,Searchlight Pictures,PNC Financial Services,Unilever,2K,WSP,Tetra Tech,Fluor Corporation,U.S. Department of Education,Merck & Co.,EY,EY,BAE Systems,HDR,Rockefeller Foundation,,Palantir Technologies,"Paul, Weiss, Rifkind, Wharton & Garrison",Alvarez & Marsal,Amazon,McDonald's,Lam Research,Renaissance Technologies,Meta,CVS Health,,ArcelorMittal,Shure,Leidos,Texas Children's Hospital,Danone,Microsoft,Novartis,Honeywell,Luna Physical Therapy,National Security Agency,Ares Management,,AECOM,Equity Residential,Mayo Clinic,CVS Health,GE,Elevance Health,GXO Logistics,Topcon Corporation,Millennium Management,SmithGroup,Union Square Ventures,Veterinary Emergency Group,Hearst,Shedd Aquarium
Cherry Bekaert,Chubb,Delta Air Lines,Simplot,Moving Picture Company,TRC Companies,ZGF Architects,Salesforce,GlaxoSmithKline,Eli Lilly,Coca-Cola,Chevron Phillips Chemical,LyondellBasell,Kimley-Horn,Publicis Groupe,Airbnb,The Walsh Group,Activision Blizzard,SAIC,Apple,Proofpoint,Palantir Technologies,Spotify,Deloitte,Educational Testing Service (ETS),Siemens,The Nature Conservancy,Golder,Booking Holdings,New Balance,Under Armour,A24,Truist Financial,Hormel Foods,Bethesda Softworks,Tetra Tech,Stantec,Gannett Fleming,U.S. Department of Energy,Eli Lilly,KPMG,KPMG,Peraton,SmithGroup,Amnesty International,,The Walt Disney Company,Simpson Thacher & Bartlett,FTI Consulting,Google,Starbucks,Texas Instruments,D.E. Shaw & Co.,Intel,Optum,,Arch Resources,Bose,Booz Allen Hamilton,Children's Hospital of Philadelphia,Johnson & Johnson,Johnson & Johnson,Roche,General Dynamics,NovaCare Rehabilitation,Federal Bureau of Investigation,Neuberger Berman,,Jacobs,Boston Properties,Cleveland Clinic,Johnson & Johnson,PepsiCo,Providence Health & Services,Total Quality Logistics,"Oceaneering International, Inc.",Blackstone,SOM,Index Ventures,MedVet,Meredith Corporation,National Geographic Society
Wipfli,Cigna,American Airlines,Smithfield Foods,Blue Sky Studios,Cultural Resource Analysts,Jacobs,Netflix,Roche,Amgen,Johnson & Johnson,ConocoPhillips,Eastman Chemical,Gensler,Interpublic Group,Palantir Technologies,MasTec,Marvel Entertainment,ManTech,American Express,Trellix,Intel,Twitter,PwC,Amplify Education,Amazon,World Wildlife Fund,Kimley-Horn,Accor,Asics,Lululemon,Blumhouse Productions,BNY Mellon,McCormick & Company,Blizzard Entertainment,Rio Tinto,Parsons Corporation,Wood,U.S. Department of Transportation,AbbVie,Accenture,LinkedIn,ManTech International,ZGF Architects,Human Rights Watch,,Warner Bros. Discovery,Davis Polk & Wardwell,IBM Consulting,SpaceX,Walmart,IBM,Morgan Stanley,Caterpillar,Tenet Healthcare,,Coeur Mining,Harman International,Oracle,Mount Sinai Health System,Procter & Gamble,Pfizer,Sanofi,Los Alamos National Laboratory,Concentra,Department of Homeland Security,Brookfield Asset Management,,JLL,Lincoln Property Company,Johns Hopkins Medicine,Pfizer,Coca-Cola,CommonSpirit Health,Hub Group,"EagleView Technologies, Inc.",BlackRock,Arup,Bain Capital Ventures,U.S. Department of Agriculture,Penguin Random House,Association of Zoos and Aquariums
Withum,Aon,Southwest Airlines,Perdue Farms,Laika,Commonwealth Heritage Group,Page,Uber,Danaher,Gilead Sciences,American Express,Merck,PPG Industries,"Skidmore, Owings & Merrill",The Walt Disney Company,Stripe,Suffolk Construction,Pixar Animation Studios,CACI International,JPMorgan Chase,SentinelOne,Advanced Micro Devices,Snap Inc.,EY,Curriculum Associates,Meta,Environmental Defense Fund,Terracon,Airbnb,Brooks Running,Adidas,NBCUniversal,State Street,J.M. Smucker,Niantic,BHP,CACI International,Kleinfelder,U.S. Department of Labor,Amgen,Boston Consulting Group,Netflix,L3Harris Technologies,Perkins Eastman,Doctors Without Borders,,Sony Interactive Entertainment,Sullivan & Cromwell,Capgemini,Toyota North America,Target,Honeywell,BlackRock,Honeywell,Ascension,,Hecla Mining,Sennheiser,IBM,UCSF Health,Coca-Cola,UnitedHealth Group,GlaxoSmithKline (GSK),Oak Ridge National Laboratory,Hinge Health,European Union,Golden Gate Capital,,CBRE,Starwood Capital Group,Mass General Brigham,Merck,3M,Ascension,NFI,"Apex Companies, LLC",Fidelity Investments,Dewberry,Social Capital,Petco,HarperCollins Publishers,Audubon Nature Institute
"Carr, Riggs & Ingram",Marsh McLennan,Spirit AeroSystems,Wilbur-Ellis,Skydance Animation,Statistical Research,Kimley-Horn,Lyft,Illumina,Bristol Myers Squibb,Bank of America,Eli Lilly,Corteva Agriscience,Michael Baker International,Netflix,Snap,HITT Contracting,DreamWorks Animation,Smithsonian Institution,Goldman Sachs,Rapid7,Qualcomm,Tesla,KPMG,Renaissance Learning,Honeywell,Sierra Club,SCS Engineers,Delta Air Lines,Hoka,Capri Holdings,Discovery,HSBC,Chobani,ZeniMax Media,Barrick Gold,SAIC,Kimley-Horn,U.S. Department of Agriculture,Bristol Myers Squibb,McKinsey & Company,Uber,Honeywell,Meyer Davis,Red Cross,,Electronic Arts,"Cravath, Swaine & Moore",Arthur D. Little,Honda Motor Company,General Mills,Medtronic,Pfizer,Cummins,Providence Health & Services,,U.S. Silica,Yamaha Corporation,Dell Technologies,Providence,Walmart,General Electric,Novo Nordisk,Sandia National Laboratories,Sword Health,NATO,"Clayton, Dubilier & Rice",,Turner Construction,HOK,NewYork-Presbyterian,AbbVie,Honeywell,Trinity Health,Old Dominion Freight Line,"David Evans and Associates, Inc.",Bridgewater Associates,VHB,Spark Capital,PetSmart,Simon & Schuster,Denver Zoo
Aprio,Willis Towers Watson,Leidos,AGCO Corporation,Titmouse,Environmental Resources Management,WSP,Airbnb,Biogen,Roche,Citigroup,TotalEnergies,Bayer,Gannett Fleming,NBCUniversal,Pinterest,Brasfield & Gorrie,Industrial Light & Magic,,Deloitte,Tenable,Cisco,Disney,BlackRock,PowerSchool,Cisco Systems,Natural Resources Defense Council,TRC Companies,American Airlines,Garmin,Inditex,ABC,UBS,Abbott,id Software,Occidental Petroleum,Booz Allen Hamilton,Mott MacDonald,U.S. Department of Veterans Affairs,Danaher,JPMorgan Chase & Co.,Airbnb,Jacobs,AvroKO,Peace Corps,,Epic Games,"Wachtell, Lipton, Rosen & Katz",ZS Associates,BMW Group,Kraft Heinz,Johnson & Johnson,Johnson & Johnson,Johnson & Johnson,CommonSpirit Health,,Alliance Resource Partners,Fender Musical Instruments,Intel,Ascension,USDA,Ford Motor Company,Abbott Laboratories,Lawrence Livermore National Laboratory,Select Physical Therapy,Clinton Foundation,Bridgewater Associates,,Northrop Grumman,Gensler,Universal Health Services,Eli Lilly,UPS,Northwell Health,Knight-Swift Transportation,Bowman Consulting Group,DRW,Johnson Fain,First Round Capital,AmerisourceBergen,Macmillan Publishers,Zoo Miami
Sikich,Milliman,Ball Aerospace,Bunge,Cartoon Network Studios,Golder Associates,Arcadis,ByteDance,Bayer,Novartis,Walmart,Occidental Petroleum,AbbVie,T.Y. Lin International,Warner Bros. Discovery,LinkedIn,Holder Construction,Wieden+Kennedy,,Accenture,Splunk,JPMorgan Chase,Nike,Vanguard,Instructure,Dell Technologies,Weyerhaeuser,Langan,United Airlines,Fitbit,H&M Group,CBS,Barclays,Ferrero,Sledgehammer Games,Devon Energy,Dewberry,Parsons Corporation,Internal Revenue Service,Stryker,Goldman Sachs,Tesla,Parsons Corporation,Yabu Pushelberg,Chemonics International,,Spotify,Milbank,Simon-Kucher & Partners,3M,Mars,Chevron,Merck & Co.,General Dynamics,Trinity Health,,CONSOL Energy,Gibson Brands,Hewlett Packard Enterprise,CommonSpirit Health,FDA,General Motors,Takeda,Argonne National Laboratory,Kessler Institute for Rehabilitation,Bill & Melinda Gates Foundation,Citadel,,Lockheed Martin,Perkins&Will,Acadia Healthcare,Bristol Myers Squibb,FedEx,Cleveland Clinic,ArcBest,Colliers Engineering & Design,Optiver,WRT,Institutional Venture Partners,Phibro Animal Health,Hachette Book Group,Houston Zoo
PKF O'Connor Davies,Oliver Wyman,Sierra Space,General Mills,Bento Box Entertainment,Cardno,Arup,Snap,Laboratory Corporation of America,Sanofi,Target,Marathon Petroleum,Amgen,Mott MacDonald,Fox Corporation,ServiceNow,Clayco,Pentagram,,PwC,Booz Allen Hamilton,Goldman Sachs,Starbucks,Fidelity Investments,Blackboard,AMD,International Paper,Leidos,Southwest Airlines,Apple,Authentic Brands Group,NBC,Deutsche Bank,Post Holdings,Infinity Ward,EOG Resources,Woolpert,HNTB,Social Security Administration,Boston Scientific,Morgan Stanley,SpaceX,Battelle,Jeffrey Beers International,DAI,,TikTok,Quinn Emanuel Urquhart & Sullivan,Guidehouse,Johnson & Johnson,Hershey's,ExxonMobil,Eli Lilly,Blue Origin,Humana,,Alpha Metallurgical Resources,Roland Corporation,Juniper Networks,Trinity Health,CDC,Raytheon Technologies,Bayer,Fermilab,Spaulding Rehabilitation Hospital,Human Rights Watch,Millennium Management,,Boeing,AECOM,Rogers Behavioral Health,Amgen,Nike,Johns Hopkins Medicine,Estes Express Lines,"Pennoni Associates, Inc.",IMC,Design Workshop,Norwest Venture Partners,Neogen Corporation,Scholastic,Omaha's Henry Doorly Zoo and Aquarium
CLA (CliftonLarsonAllen),MassMutual,Aerojet Rocketdyne,Kellogg's,WildBrain,Louis Berger,CallisonRTKL,Pinterest,Quest Diagnostics,Genentech,Disney,Valero,Bristol Myers Squibb,Langan,Paramount Global,Intuit,Balfour Beatty US,IDEO,,McKinsey & Company,Raytheon Technologies,Morgan Stanley,Target,Wells Fargo,Guild,Micron Technology,Duke Energy,Battelle,Universal Destinations & Experiences,Google,Abercrombie & Fitch,FOX,Credit Suisse,Ingredion,Treyarch,Hess Corporation,Michael Baker International,Thornton Tomasetti,Federal Reserve System,Gilead Sciences,BlackRock,HP,Accenture Federal Services,Cushman & Wakefield,Tetra Tech,,Uber,Cleary Gottlieb Steen & Hamilton,Grant Thornton,Procter & Gamble,Estee Lauder,Meta,Boeing,3M,Elevance Health,,Compass Minerals,Steinberg,Palo Alto Networks,Tenet Healthcare,Medtronic,Northrop Grumman,Boehringer Ingelheim,Jet Propulsion Laboratory,Shirley Ryan AbilityLab,Amnesty International,Point72,,Raytheon Technologies,Jacobs,The Menninger Clinic,Gilead Sciences,The Walt Disney Company,Massachusetts General Hospital,Werner Enterprises,Ardurra,Akuna Capital,EDAW,Menlo Ventures,Dechra Pharmaceuticals,The Atlantic,Saint Louis Zoo
Marcum,Principal Financial Group,Virgin Galactic,Mondelez International,Mainframe Studios,Parsons Corporation,BDP,Databricks,Baxter,Illumina,Nike,Phillips 66,Gilead Sciences,Terracon,Google,Cisco,Ryan Companies,R/GA,,Boston Consulting Group,Lockheed Martin,Capital One,Capital One,American Express,GoGuardian,Broadcom,ExxonMobil,Brown and Caldwell,SeaWorld Parks & Entertainment,Whoop,American Eagle Outfitters,Hulu,Lazard,Kerry Group,BioWare,Baker Hughes,HNTB,Black & Veatch,Securities and Exchange Commission,Regeneron,Google,Dell Technologies,Deloitte,JLL,RTI International,,Airbnb,Debevoise & Plimpton,BDO,Nike,Colgate-Palmolive,NASA,Lockheed Martin,Texas Instruments,Cigna Group,,Royal Gold,Ableton,Fortinet,Banner Health,Baxter International,Caterpillar,Viatris,Applied Materials,Mayo Clinic,Boeing,D.E. Shaw & Co.,,General Dynamics,Trammell Crow Company,McLean Hospital,IQVIA,American Express,NewYork-Presbyterian Hospital,TFI International,LJA Surveying,Flow Traders,GAI Consultants,Redpoint Ventures,Virbac,Gannett,Cincinnati Zoo & Botanical Garden
Moss Adams,Transamerica,Relativity Space,PepsiCo,Reel FX,Kimley-Horn,Leo A Daly,Snowflake,Boston Scientific,Edwards Lifesciences,Meta,Intel,Thermo Fisher Scientific,Dewberry,Meta,PayPal,Tutor Perini Corporation,BBDO,,Bain & Company,Northrop Grumman,American Express,Intuit,Visa,Newsela,Analog Devices,Chevron,Garney Construction,Six Flags Entertainment Corporation,Hyperice,Victoria's Secret & Co.,Paramount+,Evercore,Tate & Lyle,Respawn Entertainment,Bechtel,WSP,Burns & McDonnell,Federal Communications Commission,Tenet Healthcare,Microsoft,Broadcom,IBM,CBRE,Creative Associates International,,Snap,"Weil, Gotshal & Manges",Mercer,PepsiCo,Ogilvy,Cummins,SpaceX,John Deere,Medtronic,,Warrior Met Coal,Native Instruments,Akamai Technologies,Atrium Health,Hormel Foods,Deere & Company,Teva Pharmaceuticals,Texas Instruments,TIRR Memorial Hermann,Lockheed Martin,Two Sigma,,Capital One,BGO (BentallGreenOak),Sheppard Pratt,Medtronic,JPMorgan Chase,Mount Sinai Health System,CEVA Logistics,"BGE, Inc.",Old Mission,Houseal Lavigne,Battery Ventures,Ceva Santé Animale,Vox Media,Columbus Zoo and Aquarium
Anchin,Guardian Life,Textron Aviation,Coca-Cola,Luma Pictures,Gannett Fleming,HGA,Scale AI,Medtronic,Smith & Nephew,Netflix,Micron Technology,Agilent Technologies,VHB,Apple,Zoom,Granite Construction,Ogilvy,,Procter & Gamble,General Dynamics,Citigroup,Slack,Mastercard,Panorama Education,General Motors,BP,Walsh Group,Cedar Fair,Therabody,Urban Outfitters,Peacock,Centerview Partners,Givaudan,Obsidian Entertainment,Fluor,Gannett Fleming,ECS,National Institutes of Health,Cleveland Clinic,Apple,Texas Instruments,Microsoft,Heery International,Pathfinder International,,Zoom,King & Spalding,Korn Ferry,Coca-Cola,WPP,Caterpillar,Northrop Grumman,Chevron,Abbott Laboratories,,Kinross Gold,Focusrite,Equinix,AdventHealth,Campbell Soup Company,Shell,Baxter International,Qualcomm,Brooks Rehabilitation,Raytheon Technologies,Renaissance Technologies,,JPMorgan Chase,Heitman,Hazelden Betty Ford Foundation,Boston Scientific,Goldman Sachs,Dana-Farber Cancer Institute,Geodis,KCI Technologies,Belvedere Trading,Clarion Associates,Matrix Partners,Midwest Veterinary Supply,BuzzFeed,Brookfield Zoo
Marcum LLP,Pacific Life,Bell,Hormel Foods,Scanline VFX,Bechtel,Cuningham,Hugging Face,Stryker,Hologic,Salesforce,Tesla,Waters Corporation,KPFF Consulting Engineers,Amazon,Dropbox,Swinerton,Sotheby's,,The Walt Disney Company,Leidos,Bank of America,Figma,Capital One,Discovery Education,Ford Motor Company,Shell,PCL Construction,Live Nation Entertainment,Stats Perform,Patagonia,Showtime,Moelis & Company,IFF,Santa Monica Studio,Golder Associates,Kimley-Horn,Shannon & Wilson,Centers for Disease Control and Prevention,Johns Hopkins Medicine,Amazon,Qualcomm,Amazon Web Services,HGA,Jhpiego,,Pinterest,Mayer Brown,Marsh McLennan,General Mills,Omnicom Group,Stryker,Intel,ExxonMobil,St. Jude Children's Research Hospital,,Sibanye-Stillwater,PreSonus,Charter Communications,Intermountain Health,Conagra Brands,BP,Cardinal Health,Micron Technology,Encore Rehabilitation,Rand Corporation,AQR Capital Management,,Goldman Sachs,Clarion Partners,Talkspace,Booz Allen Hamilton,Morgan Stanley,MD Anderson Cancer Center,Americold Logistics,"McKim & Creed, Inc.",PEAK6,Camiros,Mayfield Fund,MWI Animal Health,Vice Media,Lincoln Park Zoo
UHY Advisors,Lincoln Financial Group,Sikorsky,Campbell Soup Company,Rodeo FX,Kiewit,GHD,Cohere,Abbott,Agilent Technologies,Tesla,Schlumberger,Danaher,Walter P Moore,Microsoft,Spotify,Hoffman Construction,Christie's,,Nike,SAIC,Visa,Dropbox,Blackstone,Age of Learning (ABCmouse),Schneider Electric,TotalEnergies,Mortenson,AEG,Catapult Sports,Columbia Sportswear,AMC Networks,PJT Partners,Symrise,Sucker Punch Productions,U.S. Forest Service,HDR,Schnabel Engineering,Federal Emergency Management Agency,Mass General Brigham,Meta,Advanced Micro Devices,Google,NBBJ,Plan International,,Stripe,Reed Smith,AlixPartners,Nestlé USA,Publicis Groupe,Boston Scientific,Tesla,Procter & Gamble,Boston Children's Hospital,,Ecolab,Universal Audio,Cox Communications,Baylor Scott & White Health,Tyson Foods,Total Safety,McKesson,Lam Research,Legacy Healthcare Services,Mercy Corps,Elliott Investment Management,,Morgan Stanley,Invesco Real Estate,BetterHelp,Deloitte,Visa,Children's Hospital of Philadelphia,Lineage Logistics,DLZ,CTC Trading Group,Goody Clancy,Canaan Partners,Antech Diagnostics,HuffPost,Dallas Zoo
RubinBrown,The Hartford,"Boeing Defense, Space & Security",Kraft Heinz,Blur Studio,Turner Construction,Ware Malcomb,Mistral AI,Zimmer Biomet,PerkinElmer,BlackRock,Halliburton,Genentech,Hardesty & Hanover,The New York Times Company,AMD,Burns & McDonnell,Gensler,,Airbnb,CACI,Mastercard,Peloton,Bridgewater Associates,MasterClass,Eaton,ConocoPhillips,Mott MacDonald,Freeman Company,Kitman Labs,Skechers,CNN,Houlihan Lokey,Bunge,Sega of America,National Park Service,Bechtel,GZA GeoEnvironmental,U.S. Customs and Border Protection,NewYork-Presbyterian,Salesforce,ServiceNow,Oracle,SOM,Pact,,PayPal,K&L Gates,Huron Consulting Group,Mars,Interpublic Group (IPG),Merck,Oracle,Siemens,Children's Hospital of Philadelphia,,Honeywell,Waves Audio,Nokia,UPMC,Weight Watchers,Premise Health,AmerisourceBergen,ASML,Life Care Centers of America,International Rescue Committee,Balyasny Asset Management,,Bank of America,Nuveen Real Estate,Lyra Health,McKinsey & Company,Mastercard,Boston Children's Hospital,U.S. Xpress,"DRMP, Inc.",Wolverine Trading,Urban Design Associates,Initialised Capital,Heska Corporation,Politico,Los Angeles Zoo
BPM,CNA Financial,Huntington Ingalls Industries,Ingredion,Ghost VFX,National Trust for Historic Preservation,MG2,Boston Dynamics,Becton Dickinson,Cardinal Health,Wells Fargo,Baker Hughes,Biogen,Hensel Phelps,Hearst,Qualcomm,Austin Industries,Perkins&Will,,Uber,Forcepoint,BlackRock,LinkedIn,Citadel,Skillsoft,Johnson Controls,Dominion Energy,Arup,George P. Johnson,Hudl,Deckers Brands,ESPN,Jefferies,Dole Food Company,Nintendo of America,Bureau of Land Management,Microsoft,Shannon & Wilson,Transportation Security Administration,CommonSpirit Health,IBM,Workday,SpaceX,Gresham Smith,Internews,,Visa,WilmerHale,Slalom Consulting,Chevron,Dentsu,Pfizer,Salesforce,Boston Dynamics,Cincinnati Children's Hospital Medical Center,,Caterpillar,Solid State Logic,Ericsson,St. Jude Children's Research Hospital,HelloFresh,U.S. HealthWorks,Humana,3M,Good Samaritan Society,Save the Children,Viking Global Investors,,Walmart,MetLife Investment Management,Spring Health,Boston Consulting Group,ADP,St. Jude Children's Research Hospital,Covenant Logistics,"Calvin, Giordano & Associates, Inc.",Group One Trading,Torti Gallas + Partners,Y Combinator,Compassion-First Pet Hospitals,Axios,San Francisco Zoo
RKL,Sun Life Financial,BAE Systems,The Andersons,Zoic Studios,Colonial Williamsburg Foundation,NELSON Worldwide,DeepMind,Agilent Technologies,3M Healthcare,Visa,Fluor Corporation,Regeneron Pharmaceuticals,Turner Construction,Condé Nast,Texas Instruments,Gray Construction,AECOM,,Netflix,Symantec,Fidelity Investments,DoorDash,Two Sigma,Pluralsight,Cummins,Southern Company,Dewberry,Jack Morton Worldwide,DraftKings,New Balance,MTV,Guggenheim Partners,Saputo,Amazon Games,Environmental Protection Agency,Apple,Barr Engineering,National Park Service,Providence,Oracle,Snap,Maxar Technologies,Page,National Endowment for Democracy,,Mastercard,Arnold & Porter,West Monroe,ExxonMobil,McKinsey & Company,NVIDIA,Uber,Applied Materials,Texas Children's Hospital,,Komatsu,Izotope,Broadcom,Geisinger,Blue Apron,CorVel Corporation,UnitedHealth Group,Corning,Trinity Health,CARE,Tiger Global Management,,Target,PGIM Real Estate,Headspace,Bain & Company,Gartner,YMCA of the USA,Saia,"Landpoint, LLC",T. Rowe Price,Dyett & Bhatia,Lux Capital,Insite Veterinary Partners,Los Angeles Times,Philadelphia Zoo
Bennett Thrasher,Genworth,Rolls-Royce North America,Cal-Maine Foods,Crafty Apes,The Metropolitan Museum of Art,HLW,Waymo,Charles River Laboratories,Terumo,Mastercard,Jacobs,Vertex Pharmaceuticals,Skanska USA,Burson,Broadcom,The Yates Companies,Smithsonian Institution,,Stripe,Trend Micro,UnitedHealth Group,Instacart,UnitedHealth Group,Udacity,Applied Materials,Xcel Energy,Haley & Aldrich,CWT Meetings & Events,FanDuel,Recreational Equipment Inc. (REI),Nickelodeon,Rothschild & Co,Agropur,Netflix Games,Parsons Corporation,Amazon,Brierley Associates,U.S. Fish and Wildlife Service,Ascension,Intel,Pinterest,Ball Aerospace,CBT,The Nature Conservancy,,American Express,Covington & Burling,Charles River Associates,Shell,Boston Consulting Group (BCG),Qualcomm,Airbnb,Medtronic,Geisinger Health System,,Joy Global,Splice,Qualcomm,Jefferson Health,Equinox,Examinetics,Cigna,Ford Motor Company,Community Health Network,World Economic Forum,Coatue Management,,The Walt Disney Company,Morgan Stanley Real Estate Investing,Teladoc Health,Bill & Melinda Gates Foundation,Workday,Boys & Girls Clubs of America,Averitt Express,RPS Group Plc,Vanguard,Fregonese Associates,Founders Collective,Southern Veterinary Partners,Chicago Tribune,Maryland Zoo in Baltimore
Warren Averett,Munich Re,Garmin,Darling Ingredients,FuseFX,American Museum of Natural History,Little,Cruise,Lonza,Varian Medical Systems,IBM,Bechtel,Moderna,Gilbane Building Company,Zeno Group,Dell Technologies,Alberici-Flintco,The Metropolitan Museum of Art,,Intuit,F5,Johnson & Johnson,Square,Johnson & Johnson,Codecademy,TSMC,General Electric,Kleinfelder,BCD Travel,ESPN,Dick's Sporting Goods,Comedy Central,Piper Sandler,Land O'Lakes,Meta,Leidos,Meta,SME,Bureau of Land Management,Trinity Health,Cisco,PayPal,Amentum,Shepley Bulfinch,World Wildlife Fund,,JPMorgan Chase,Wilson Sonsini Goodrich & Rosati,Analysys Mason,BP,Bain & Company,GlobalFoundries,Palantir Technologies,Stryker,UPMC,,Bechtel,Output,Marvell Technology,MedStar Health,National Institutes of Health,Axiom Medical,Anthem,General Motors,Ernest Health,World Trade Organization,Baupost Group,,Nike,J.P. Morgan Asset Management,Amwell,Clinton Health Access Initiative,LinkedIn,Feeding America,Ruan Transportation Management Systems,"geoCue Group, Inc.",State Street,Wallace Roberts & Todd,Venrock,Lake Pine Animal Hospital,The Boston Globe,Detroit Zoo
Prager Metis,Swiss Re,JetBlue Airways,Seaboard Corporation,Rise FX,Field Museum,EYP,Zoox,Catalent,Alcon,Oracle,Pepsico,Novartis,Clark Construction Group,Prosek Partners,HP,Consigli Building Group,Museum of Modern Art,,Box,Akamai Technologies,Pfizer,Stripe,Pfizer,General Assembly,ASML,Schneider Electric,Geosyntec Consultants,American Express Global Business Travel,Bleacher Report,Dillard's,Discovery Channel,William Blair,Dairy Farmers of America,Apple,HDR,Uber,Langan Engineering,U.S. Geological Survey,Advocate Health,LinkedIn,Block,Sierra Nevada Corporation,Ware Malcomb,Oxfam America,,Goldman Sachs,Cooley,OC&C Strategy Consultants,Valero Energy,Deloitte,Western Digital,Adobe,United Parcel Service,Jefferson Health,,Fluor,Arturia,Arista Networks,Bon Secours Mercy Health,St. Jude Children's Research Hospital,WorkCare,Rite Aid,Blue Origin,PAM Health,OECD,Tudor Investment Corporation,,Johnson & Johnson,Goldman Sachs Asset Management,Ginger,American Red Cross,Adobe,Goodwill Industries International,Kenco Group,"GPI Geospatial, Inc.",Charles Schwab,Kittelson & Associates,CRV,Heartland Veterinary Partners,USA Today,Minnesota Zoo
Sassetti,Berkshire Hathaway Specialty Insurance,Alaska Airlines,Ocean Spray,Pixomondo,Getty Conservation Institute,Flad Architects,Aurora Innovation,IQVIA,Dentsply Sirona,Accenture,Coca-Cola,AstraZeneca,Whiting-Turner,FGS Global,VMware,Black & Veatch,Art Institute of Chicago,,DocuSign,Gen Digital,Merck,PayPal,ExxonMobil,Outschool,Lam Research,Siemens,Montrose Environmental Group,Sabre Corporation,Octagon,Ross Stores,National Geographic,Stifel,JBS USA,Google,Kimley-Horn,Lyft,Knight Piesold,National Oceanic and Atmospheric Administration,Banner Health,Indeed,Palantir,Viasat,Interior Architects,American Red Cross,,Capital One,Morrison & Foerster,Gartner,Texas Instruments,Accenture,Amgen,McKinsey & Company,FedEx,Mount Sinai Health System,,Jacobs,Korg,L3Harris Technologies,Ohio State University Wexner Medical Center,Johns Hopkins Medicine,AllOne Health Resources,Zoetis,Johns Hopkins University Applied Physics Laboratory,Cleveland Clinic,ExxonMobil,Caxton Associates,,Pfizer,Kohlberg Kravis Roberts (KKR),Brightline,Doctors Without Borders,ServiceNow,United Way Worldwide,Saddle Creek Logistics Services,"SurvTech Solutions, Inc.",TD Ameritrade,Fehr & Peers,GSR Ventures,Alliance Animal Health,Reuters News,Oregon Zoo
REDW,State Street,FedEx Express,Blue Diamond Growers,Tippett Studio,Library of Congress,Ballinger,Motional,UnitedHealth Group,ResMed,UnitedHealth Group,Cargill,Roche,DPR Construction,Teneo,Splunk,Turner Industries Group,Lincoln Center for the Performing Arts,,Atlassian,Secureworks,CVS Health,Visa,Chevron,EverFi,Oracle,Bechtel,Weston Solutions,Travel + Leisure Co.,IMG,Burlington Stores,A+E Networks,BMO Capital Markets,Smithfield Foods,Unity Technologies,Valero Energy,General Motors,McMillen Jacobs Associates,U.S. Census Bureau,Intermountain Health,Glassdoor,Snowflake,Kratos Defense & Security Solutions,M Moser Associates,Direct Relief,,McKinsey & Company,"Orrick, Herrington & Sutcliffe",Cognizant,NVIDIA,Salesforce,Gilead Sciences,Boston Consulting Group,Nike,NYU Langone Health,,AECOM,Moog Music,CACI International,Vanderbilt University Medical Center,Massachusetts General Hospital,WSP,Illumina,MIT Lincoln Laboratory,Johns Hopkins Medicine,Chevron,Third Point,,Cisco,The Carlyle Group,Charlie Health,Mercy Corps,Palo Alto Networks,Planned Parenthood Federation of America,Radiant Logistics,"Control Point Associates, Inc.",Interactive Brokers,Nelson\Nygaard,Oak Investment Partners,Rarebreed Veterinary Partners,Discovery Communications,Woodland Park Zoo
GHJ Advisors,BlackRock,UPS Airlines,Dole Food Company,Legacy Effects,National Archives and Records Administration,LPA,TuSimple,CVS Health,Hill-Rom,CVS Health,Nestle,GlaxoSmithKline,Mortenson,Sard Verbinnen & Co,Atlassian,Manhattan Construction Group,Kennedy Center for the Performing Arts,,Gainsight,Arctic Wolf,AbbVie,Mastercard,Boeing,DreamBox Learning,HP Inc.,Fluor,Gannett Fleming,Las Vegas Sands,Wasserman,The RealReal,Sony Pictures Television,TD Securities,Perdue Farms,Thatgamecompany,Phillips 66,Ford Motor Company,Sargent & Lundy,Bureau of Labor Statistics,Northwell Health,UnitedHealth Group,Zoom,Cubic Corporation,Ted Moudis Associates,AmeriCares,,Boston Consulting Group,Perkins Coie,Infosys,Micron Technology,Adobe,Bristol Myers Squibb,Bain & Company,L3Harris Technologies,Northwell Health,,Kiewit,Capitol Records,SAIC,Emory Healthcare,MD Anderson Cancer Center,Arcadis,Thermo Fisher Scientific,Battelle,UPMC Rehabilitation Network,Shell,Pershing Square Capital Management,,Salesforce,Ares Management,Discovery Behavioral Health,PATH,CrowdStrike,American Cancer Society,Echo Global Logistics,Pape-Dawson,CME Group,Iteris,August Capital,Destination Pet,Warner Bros. Discovery,Phoenix Zoo
WilkinGuttenplan,Vanguard,Amazon Air,Chiquita Brands International,Weta Digital,The History Channel,Beyer Blinder Belle,Ford,Humana,Cook Medical,Pfizer,General Mills,Sanofi,McCarthy Building Companies,Brunswick Group,Databricks,Webcor,Live Nation,,Shopify,Darktrace,Amgen,American Express,Lockheed Martin,Lexia Learning,Hewlett Packard Enterprise,Kiewit,Michael Baker International,Wynn Resorts,CAA Sports,Rent the Runway,Warner Bros. Television,Raymond James,Pilgrim's Pride,Double Fine Productions,Marathon Oil,Tesla,AtkinsRealies,United States Postal Service,Geisinger,Johnson & Johnson,Atlassian,Textron,TPG Architecture,Goodwill Industries International,,Deloitte,Shearman & Sterling,Wipro,Applied Materials,Spotify,Thermo Fisher Scientific,Deloitte,Collins Aerospace,Memorial Sloan Kettering Cancer Center,,Stantec,Interscope Records,Viasat,Houston Methodist,Mount Sinai Health System,Stantec,Danaher,Chevron,Hackensack Meridian Health,BP,Davidson Kempner Capital Management,,Oracle,TPG,Newport Healthcare,RTI International,Snowflake,American Heart Association,Arrive Logistics,Tectonic Engineering and Surveying Consultants,Intercontinental Exchange (ICE),Kimley-Horn and Associates,Scale Venture Partners,Community Veterinary Partners,The Walt Disney Company,Jacksonville Zoo and Gardens
Goodney & Etter,Fidelity Investments,Safran USA,Taylor Farms,Framestore,National Geographic Society,Sasaki,General Motors,Labcorp,Biogen,General Electric,AstraZeneca,Boehringer Ingelheim,PCL Construction,Joele Frank,Snowflake,Flatiron Construction,Universal Music Group,,Square,Trustwave,Walmart,Goldman Sachs,General Electric,Savvas Learning Company,Sony,Stantec,Stanley Consultants,Caesars Entertainment,National Football League,Poshmark,Disney Television Studios,KeyBank,Keurig Dr Pepper,MachineGames,Cheniere Energy,Boeing,Leidos,Tennessee Valley Authority,UPMC,Pfizer,Intuit,HII,Vocon,YMCA of the USA,,PwC,Akin Gump Strauss Hauer & Feld,Tata Consultancy Services (TCS),Lam Research,Airbnb,Schlumberger,PwC,Pratt & Whitney,Atrium Health,,Piedmont Lithium,Atlantic Records,SpaceX,Sutter Health,DaVita,Tetra Tech,Medtronic,ExxonMobil,Baylor Scott & White Health,Coca-Cola,Farallon Capital,,Tesla,Vornado Realty Trust,Center for Discovery,FHI 360,Stryker,National Alliance on Mental Illness,Mode Global,IMEG Corp,Nasdaq,Glatting Jackson,DCM Ventures,PetVet Care Centers,Sony Pictures Entertainment,North Carolina Zoo
Whittlesey,Charles Schwab,Kratos Defense & Security Solutions,Driscoll's,Double Negative (DNEG),Discovery Communications,Shepley Bulfinch,Toyota,National Institutes of Health,Vertex Pharmaceuticals,General Motors,Bristol-Myers Squibb,Celanese,KBR,Porter Novelli,Cloudflare,Alston Construction,Sony Music Entertainment,,PayPal,FireEye,Target,JPMorgan Chase,Ford Motor Company,Zearn,Panasonic,Arcadis,Freese and Nichols,Penn Entertainment,National Basketball Association,Stitch Fix,Universal Television,Regions Financial,Constellation Brands,Arkane Studios,Noble Corporation,Raytheon Technologies,Tectonic Engineering,AmeriCorps,Mount Sinai Health System,CVS Health,VMware,Aerojet Rocketdyne,Studios Architecture,United Way Worldwide,,EY,McDermott Will & Emery,Publicis Sapient,Analog Devices,Uber,Halliburton,EY,Toyota North America,Banner Health,,Energy Fuels,Columbia Records,JPMorgan Chase,BJC HealthCare,Fresenius Medical Care,Parsons Corporation,Stryker,Shell,Intermountain Health,PepsiCo,Durable Capital Partners,,Ford Motor Company,SL Green Realty,Eating Recovery Center,Aetna,Medtronic,Save the Children US,Universal Logistics Holdings,Manhard Consulting,Barclays,Freese and Nichols,Foundation Capital,Bond Vet,Paramount Global,Point Defiance Zoo & Aquarium
Flowers & Flowers CPAs,Capital One,Parsons Corporation,Grimmway Farms,Image Engine,A+E Networks,Diamond Schmitt,Samsung,Centers for Disease Control and Prevention,Regeneron Pharmaceuticals,Ford Motor Company,AbbVie,Huntsman Corporation,Sargent & Lundy,W2O Group,CrowdStrike,Ferrovial Construction,Warner Music Group,,Mastercard,Barracuda Networks,Costco,Bank of America,General Motors,Imagine Learning,Lenovo,HDR,Kennedy Jenks,Hard Rock International,Major League Baseball,Farfetch,Village Roadshow Pictures,Fifth Third Bank,Anheuser-Busch InBev,Monolith Productions,Pioneer Natural Resources,General Dynamics,Hardesty & Hanover,General Services Administration,Cedars-Sinai,Walmart,Palo Alto Networks,Anduril Industries,HLW International,Carter Center,,KPMG,Holland & Knight,Leidos,Qualcomm,Lyft,Steel Dynamics,KPMG,Honda,Intermountain Health,,Uranium Energy Corp,RCA Records,Goldman Sachs,Henry Ford Health,HCA Healthcare,Kaiser Permanente,Boston Scientific,Schlumberger,Ascension,Pfizer,Marshall Wace,,General Motors,Host Hotels & Resorts,Lighthouse Behavioral Health,Cigna,Boston Scientific,UNICEF USA,Forward Air,WGI,Deutsche Bank,LSA Associates,Hummer Winblad Venture Partners,Small Door Veterinary,Netflix,New England Aquarium
Grantham Poole,American Express,CACI International,The Wonderful Company,Hydraulx,PBS,Robert A.M. Stern Architects,Qualcomm,Food and Drug Administration,Moderna,Chevron,Amgen,Albemarle,Brown and Caldwell,5W Public Relations,Palo Alto Networks,Devcon Construction,Spotify,,Visa,SonicWall,The Walt Disney Company,Ford Motor Company,Walmart,Edmentum,Chevron,GHD,Carollo Engineers,Starbucks,National Hockey League,Neiman Marcus Group,Legendary Entertainment,M&T Bank,Molson Coors,Crystal Dynamics,Apache Corporation,SpaceX,Michael Baker International,Office of Management and Budget,Baylor Scott & White Health,Target,CrowdStrike,Guidehouse,Little Online,The Asia Foundation,,TransPerfect,Foley & Lardner,CACI International,IBM,Tesla,Nucor,Capital One,BMW Group,Rush University Medical Center,,NioCorp Developments,Epic Records,Morgan Stanley,Northwell Health,WIC,Mayo Clinic,Edwards Lifesciences,Halliburton,Providence,Johnson & Johnson,Lone Pine Capital,,Chevron,Public Storage,The GEO Group,Centene,Amgen,International Rescue Committee,AIT Worldwide Logistics,"Hanson Professional Services, Inc.",UBS,ESA,Trinity Ventures,CityVet,Amazon Studios,National Aquarium
Freibert CPA Group,Visa,Amentum,Sun-Maid,Rhythm & Hues,The New York Times,Gehry Partners,Broadcom,St. Jude Children's Research Hospital,Charles River Laboratories,ExxonMobil,Gilead Sciences,FMC Corporation,Carollo Engineers,Citizen Relations,Epic Systems,Moss Construction,TikTok,,Delta Air Lines,McAfee,Warner Bros. Discovery,General Motors,Target,Nearpod,ExxonMobil,CDM Smith,Kimley-Horn,McDonald's,Major League Soccer,Saks Fifth Avenue,Skydance Media,Huntington National Bank,Ocean Spray,Volition,Chesapeake Energy,Blue Origin,Dewberry,National Security Agency,St. Jude Children's Research Hospital,The Walt Disney Company,Cloudflare,Aon,MG2,IREX,,Lionbridge,Polsinelli,SAIC,Oracle,Ford Motor Company,Alcoa,American Express,Rivian,University of Chicago Medicine,,SSR Mining,Republic Records,Bank of America,Mass General Brigham,Target,Cleveland Clinic,Becton Dickinson,Boeing,AdventHealth,UnitedHealth Group,Moore Capital Management,,ExxonMobil,Digital Realty,CoreCivic,Elevance Health,Eli Lilly,World Vision US,Crane Worldwide Logistics,"Atwell, LLC",HSBC,Michael Baker International,U.S. Venture Partners,Modern Animal,Apple TV+,Tetra Tech
Lumsden & McCormick,Mastercard,Boeing Global Services,Sunkist Growers,Mirada,The Washington Post,Studio Gang,Cisco,Mayo Clinic,IQVIA,Boeing,Celanese,Cabot Corporation,GHD,M Booth,HubSpot,Big-D Construction,Adobe,,Marriott International,CyberArk,Netflix,Johnson & Johnson,Procter & Gamble,Kahoot!,Shell,Parsons,Hazen and Sawyer,Chipotle Mexican Grill,United States Olympic & Paralympic Committee,Chanel,Imagine Entertainment,Citizens Financial Group,Blue Diamond Growers,High Voltage Software,Coterra Energy,NASA,Volkert,Defense Intelligence Agency,Texas Children's Hospital,Netflix,Splunk,Marsh McLennan,Populous,Winrock International,,RWS,Lewis Brisbois Bisgaard & Smith,Lockheed Martin,Salesforce,General Motors,Owens Corning,Visa,Lucid Motors,Yale New Haven Health,,McEwen Mining,Island Records,Wells Fargo,Sanford Health,Kroger,HCA Healthcare,Intuitive Surgical,Northrop Grumman,CommonSpirit Health,BlackRock,Schonfeld Strategic Advisors,,UnitedHealth Group,Equinix,Magellan Health,HCA Healthcare,Pfizer,CARE USA,PSA BDP,"Aero-Graphics, Inc.",Wells Fargo,Louis Berger,InterWest Partners,GoodVets,National Geographic,WSP
Dillon Business Advisors,Goldman Sachs,Lockheed Martin Space,Landus Cooperative,Psyop,Harvard University,Richard Meier & Partners,Dell Technologies,Cleveland Clinic,Labcorp,FedEx,Ecolab,Westlake Corporation,Arcadis,Hunter,Workday,Graham Construction,Snap,,Starbucks,Qualys,Uber,Procter & Gamble,PepsiCo,Quizlet,NextEra Energy,Leidos,Smith-Root,Yum! Brands,U.S. Soccer Federation,Hermes,Amblin Partners,Northern Trust,Flowers Foods,Iron Galaxy Studios,Diamondback Energy,NOAA,Gresham Smith,U.S. Marshals Service,Children's Hospital of Philadelphia,Nike,Autodesk,Gallagher,Huntsman Architectural Group,TechnoServe,,Appen,Littler Mendelson,Boeing,Meta,Delta Air Lines,PPG Industries,Mastercard,PACCAR,Mass General Brigham,,Tronox,Def Jam Recordings,Deloitte,Yale New Haven Health,Whole Foods Market,Ascension,Jazz Pharmaceuticals,L3Harris Technologies,Tenet Healthcare,The New York Times,ExodusPoint Capital Management,,CVS Health,Welltower,Beacon Health Options,Ascension,Merck,American Civil Liberties Union,Seko Logistics,"Keystone Aerial Surveys, Inc.",Jefferies,Tetra Tech,Highland Capital Partners,Pathway Vet Alliance,Scientific American,AECOM
Donahue & Associates,Morgan Stanley,Northrop Grumman Aeronautics Systems,Agtegra Cooperative,Buck,Yale University,Ennead Architects,HP,Memorial Sloan Kettering Cancer Center,Quest Diagnostics,UPS,Albemarle,Lubrizol,Modjeski and Masters,Allison,Twilio,McDermott International,Lionsgate,,FedEx,Varonis,Lyft,The Coca-Cola Company,Coca-Cola,Turnitin,Duke Energy,Black & Veatch,LimnoTech,Bloomin' Brands,USA Track & Field,Kering,Bad Robot Productions,Discover Financial Services,Bimbo Bakeries USA,Certain Affinity,National Oilwell Varco,NGA,Stantec,Drug Enforcement Administration,Dana-Farber Cancer Institute,Starbucks,Cognizant,Willis Towers Watson,RSP Architects,Heifer International,,LanguageLine Solutions,Jackson Lewis,Raytheon Technologies,Cisco,Marriott International,Sherwin-Williams,UnitedHealth Group,Schneider Electric,Beth Israel Lahey Health,,G Mining Ventures,Motown Records,PwC,Mercy,Walgreens,Providence,Incyte,Analog Devices,HCA Healthcare,The Washington Post,Verition Fund Management,,FedEx,Ventas,Cigna,CommonSpirit Health,Cintas,AARP,Lynden,Wingtra AG,Balyasny Asset Management,CH2M,Mohr Davidow Ventures,American Veterinary Group,The New Yorker,Jacobs
Benford Brown & Associates,JPMorgan Chase,Raytheon Intelligence & Space,Keystone Cooperative,The Third Floor,Stanford University,Morphosis,Hewlett Packard Enterprise,Dana-Farber Cancer Institute,Waters Corporation,Starbucks,Westlake,Ashland,Simpson Gumpertz & Heger,Current Global,Square,Zachry Group,A24,,UPS,Netskope,Airbnb,PepsiCo,The Walt Disney Company,Ellucian,Southern Company,McKinsey & Company,Anchor QEA,Brinker International,Special Olympics,Richemont,Participant Media,PayPal,US Foods,Bluepoint Games,Weatherford,U.S. Geological Survey,LJA Engineering,"Bureau of Alcohol, Tobacco, Firearms and Explosives",Memorial Sloan Kettering Cancer Center,The Coca-Cola Company,Infosys,Chubb,LMN Architects,Helen Keller International,,Pearson,"Ogletree, Deakins, Nash, Smoak & Stewart",Northrop Grumman,Dell Technologies,JPMorgan Chase,Air Products,CVS Health,Rockwell Automation,Advocate Health,,NovaGold,Blue Note Records,EY,Rush University System for Health,CVS Health,FedEx,Alexion Pharmaceuticals,Broadcom,Kaiser Permanente,CNN,Graham Capital Management,,UPS,American Tower,Aetna,Trinity Health,Boeing,Special Olympics,Mainstream,AirWorks,Schonfeld Strategic Advisors,GHD,Flybridge Capital Partners,VetnCare,Economist Group,Environmental Resources Management
Carroll and Company,Bank of America,Raytheon Missiles & Defense,MFA Incorporated,Gentle Giant Studios,University of Chicago,SHoP Architects,Sony,MD Anderson Cancer Center,Bio-Rad Laboratories,Marriott International,Mosaic,Avient,Magnusson Klemencic Associates,Rogers & Cowan PMK,DoorDash,Michels Corporation,HBO,,Cisco,Rubrik,Spotify,Walmart,Netflix,Anthology,American Electric Power,Boston Consulting Group,Integral Consulting,Red Lobster,YMCA of the USA,Prada Group,New Line Cinema,Block,Sysco,Saber Interactive,Wood,Federal Emergency Management Agency,Terracon Consultants,U.S. Secret Service,IQVIA,PepsiCo,Tata Consultancy Services,Travelers,HPA,Management Sciences for Health,,Scholastic,Faegre Drinker Biddle & Reath,Aon,Hewlett Packard Enterprise,Goldman Sachs,Linde,State Farm,ABB,Hackensack Meridian Health,,Dakota Gold,Verve Label Group,KPMG,Spectrum Health,Nutricia,UPS,Seagen,Keysight Technologies,UnitedHealth Group,BBC,Man Group,,General Electric,PNC Real Estate,Blue Cross Blue Shield,Epic Systems,Lockheed Martin,The Arc of the United States,Dayton Freight Lines,Mapware,ExodusPoint Capital Management,Ramboll,Atlas Venture,Veterinary Practice Partners,Hearst Magazines,ICF
,Citigroup,Joby Aviation,GreenPoint AG,Aaron Sims Creative,"University of California, Berkeley",Olson Kundig,Lockheed Martin,Broad Institute,Beckman Coulter,Hilton,CF Industries,Valvoline,"Wiss, Janney, Elstner Associates",United Entertainment Group,Lyft,Sundt Construction,Patagonia,,Morgan Stanley,Cohesity,DoorDash,The Home Depot,Uber,Promethean,National Grid,Bain & Company,Ramboll,Cheesecake Factory,Planet Fitness,Coach,Focus Features,Stripe,Gordon Food Service,Daybreak Game Company,ERM,National Park Service,"Sanborn, Head & Associates",U.S. Coast Guard,Labcorp,General Motors,General Electric,MetLife,Cunico,Global Communities,,Penguin Random House,Katten Muchin Rosenman,Willis Towers Watson,FedEx,Visa,United States Steel,Liberty Mutual Insurance,Eaton,RWJBarnabas Health,,Hycroft Mining,Rough Trade Records,Accenture,Ochsner Health,Noom,Walmart,Alnylam Pharmaceuticals,United Launch Alliance,Veterans Health Administration,The Economist,Capula Investment Management,,Honeywell,Wells Fargo Commercial Real Estate,Optum,Cerner,Tesla,Easterseals,Pitt Ohio,Extreme Aerial Productions,Five Rings Capital,,Polaris Partners,Suveto,Bauer Media Group,Stantec
,,Archer Aviation,Helena Agri-Enterprises,,,,Northrop Grumman,,,McDonald's,Air Liquide,,,Publicis Sapient,Reddit,,,,,KnowBe4,Instacart,Delta Air Lines,Airbnb,SMART Technologies,Dominion Energy,Deloitte,Clean Harbors,Panda Restaurant Group,OrangeTheory Fitness,Kate Spade,TriStar Pictures,Robinhood,,,,,,Consumer Financial Protection Bureau,Quest Diagnostics,Ford Motor Company,JPMorgan Chase,Prudential Financial,OTJ Architects,ChildFund International,,HarperCollins,Venable,,UPS,Mastercard,,Allstate,Emerson Electric,University of Miami Health System,,,Sub Pop Records,General Motors,University of Michigan Health,,,BioMarin Pharmaceutical,UnitedHealth Group,,,,,,Bank of America Merrill Lynch,,,,March of Dimes,Ward Transport & Logistics,,Radix Trading,,Flagship Pioneering,Western Veterinary Partners,,
,,Boom Supersonic,Southern States Cooperative,,,,Raytheon Technologies,,,Home Depot,Sherwin-Williams,,,Text100,Slack,,,,,Mimecast,eBay,United Airlines,Salesforce,LEGO Education,General Dynamics,PwC,Veolia North America,In-N-Out Burger,F45 Training,Michael Kors,Columbia Pictures,Coinbase,,,,,,Federal Trade Commission,Thermo Fisher Scientific,Boeing,Goldman Sachs,New York Life,,Compassion International,,The New York Times,Willkie Farr & Gallagher,,Union Pacific,FedEx,,Prudential Financial,Analog Devices,Emory Healthcare,,,Matador Records,Ford Motor Company,Orlando Health,,,Horizon Therapeutics,Johnson & Johnson,,,,,,Citigroup Real Estate,,,,Make-A-Wish Foundation of America,Oak Harbor Freight Lines,,Quantlab,,Third Rock Ventures,Pinnacle Veterinary Partners,,
,,,Tennessee Farmers Cooperative,,,,Boeing,,,Costco,PPG Industries,,,Hoffman Agency,eBay,,,,,PwC,PayPal,Marriott International,Accenture,Apple Education,L3Harris Technologies,EY,Waste Management,Chick-fil-A,Technogym,Calvin Klein,Tyler Perry Studios,SoFi,,,,,,National Science Foundation,Becton Dickinson,Lockheed Martin,Morgan Stanley,MassMutual,,Samaritan's Purse,,The Washington Post,"Fried, Frank, Harris, Shriver & Jacobson",,Delta Air Lines,UPS,,MetLife,Micron Technology,Vanderbilt University Medical Center,,,XL Recordings,Tesla,Sharp HealthCare,,,Exact Sciences,Medtronic,,,,,,Eastdil Secured,,,,Big Brothers Big Sisters of America,Dependable Highway Express,,XTX Markets,,ARCH Venture Partners,Inspire Veterinary Partners,,
,,,Alabama Farmers Cooperative,,,,SpaceX,,,Verizon,Kimberly-Clark,,,Walker Sands,Zillow,,,,,EY,Stripe,Accenture,Bloomberg,Google for Education,BAE Systems,KPMG,Republic Services,Hertz Global Holdings,Life Fitness,Tommy Hilfiger,ShondaLand,Ally Financial,,,,,,National Endowment for the Arts,Baxter International,American Express,Visa,State Farm,,Project HOPE,,United Nations,"Cadwalader, Wickersham & Taft",,United Airlines,Verizon,,Chevron,Qualcomm,Cleveland Clinic Abu Dhabi,,,Domino Recording Company,Honeywell,UnityPoint Health,,,Grail,Siemens Healthineers,,,,,,Savills,,,,City Year,Central Transport,,GTS,,Felicis Ventures,Mission Veterinary Partners,,
,,,Pacific Seafood,,,,General Dynamics,,,AT&T,Georgia-Pacific,,,Hotwire,Coinbase,,,,,KPMG,Block,Deloitte,S&P Global,Microsoft Education,Medtronic,Accenture,EnergySolutions,Enterprise Mobility,Tonal,Old Navy,Bad Robot,Credit Karma,,,,,,National Endowment for the Humanities,Henry Schein,Visa,Mastercard,Allstate,,International Medical Corps,,Federal Bureau of Investigation,Proskauer Rose,,American Airlines,AT&T,,ExxonMobil,IBM,Barnes-Jewish Hospital,,,Warp Records,Johnson & Johnson,Highmark Health,,,Sarepta Therapeutics,GE Healthcare,,,,,,Avison Young,,,,Teach For America,AAA Cooper Transportation,,Chicago Trading Company (CTC),,True Ventures,Blue Heron Consulting,,
,,,American Crystal Sugar,,,,Honeywell,,,Fidelity Investments,International Paper,,,MikeWorldWide,Robinhood,,,,,Palantir,Deloitte,McKinsey & Company,Moody's,National Geographic Learning,Boston Scientific,BlackRock,US Ecology,Avis Budget Group,Abbott,Banana Republic,The Jim Henson Company,,,,,,,Small Business Administration,AmerisourceBergen,Mastercard,American Express,Liberty Mutual,,Roots of Peace,,National Security Agency,"Sheppard, Mullin, Richter & Hampton",,General Dynamics,T-Mobile,,Dow,Oracle,Mercy,,,Ninja Tune,UnitedHealth Group,Advocate Health,,,Neurocrine Biosciences,Pfizer,,,,,,NAI Global,,,,AmeriCorps,Carlile Transportation,,,,General Atlantic,American Kennel Club,,
,,,Michigan Sugar Company,,,,NASA,,,TIAA,Archer Daniels Midland,,,LaunchSquad,Instacart,,,,,Federal Bureau of Investigation,McKinsey & Company,Boston Consulting Group,Fitch Ratings,Follett,Abbott,JPMorgan Chase,McKinsey & Company,Amtrak,Medtronic,Athleta,Vice Media,,,,,,,U.S. Patent and Trademark Office,Molina Healthcare,Wells Fargo,Verizon,Geico,,Vital Strategies,,Central Intelligence Agency,Pillsbury Winthrop Shaw Pittman,,L3Harris Technologies,Sony,,DuPont,Salesforce,SSM Health,,,Beggars Group,Visa,UC San Diego Health,,,Exelixis,Merck,,,,,,Lee & Associates,,,,Peace Corps,Southeastern Freight Lines,,,,SoftBank Vision Fund,Banfield Foundation,,
,,,United States Sugar Corporation,,,,JPMorgan Chase,,,Northwestern Mutual,Unilever,,,PAN Communications,Waymo,,,,,Central Intelligence Agency,Boston Consulting Group,Electronic Arts,Fannie Mae,Barnes & Noble Education,Thermo Fisher Scientific,Bank of America,Boston Consulting Group,Norwegian Cruise Line Holdings,Stryker,Vans,Vox Media,,,,,,,Federal Aviation Administration,DaVita,Bank of America,AT&T,Progressive,,Population Services International,,U.S. Department of State,Dechert,,Huntington Ingalls Industries,Warner Bros. Discovery,,3M,Hewlett Packard Enterprise,Sanford Health,,,Secretly Group,Mastercard,Dana-Farber Cancer Institute,,,Ionis Pharmaceuticals,Bristol Myers Squibb,,,,,,Transwestern,,,,U.S. Department of Justice,A. Duie Pyle,,,,Intel Capital,VCA Foundation,,
,,,Florida's Natural Growers,,,,Goldman Sachs,,,State Farm,Kraft Heinz,,,Inkhouse,Cruise,,,,,Department of Homeland Security,Bain & Company,Activision Blizzard,Freddie Mac,Laureate Education,Intuitive Surgical,Goldman Sachs,Bain & Company,Princess Cruises,Zimmer Biomet,The North Face,Condé Nast Entertainment,,,,,,,Social Security Administration,Fresenius Medical Care,Capital One,T-Mobile,UnitedHealth Group,,Accion,,Peace Corps,Alston & Bird,,Textron,Paramount Global,,Procter & Gamble,Dell Technologies,Essentia Health,,,Epitaph Records,FedEx,City of Hope,,,United Therapeutics,Thermo Fisher Scientific,,,,,,Stream Realty Partners,,,,Federal Bureau of Prisons,R+L Carriers,,,,Qualcomm Ventures,Royal Canin,,
,,,Tree Top,,,,Morgan Stanley,,,Liberty Mutual,Bayer,,,VaynerMedia,Rivian,,,,,Department of Defense,Accenture,Riot Games,U.S. Department of the Treasury,Stride,Keysight Technologies,Morgan Stanley,Deloitte,Holland America Line,Select Medical,Timberland,Hearst,,,,,,,U.S. Mint,Encompass Health,FedEx,General Motors,CVS Health,,FINCA International,,Educational Testing Service,Bryan Cave Leighton Paisner,,Medtronic,Nike,,Ford Motor Company,Cisco Systems,OhioHealth,,,Third Man Records,UPS,University of Chicago Medicine,,,Mallinckrodt,Boston Consulting Group,,,,,,Kidder Mathews,,,,U.S. Department of Health and Human Services,Wilson Trucking Corporation,,,,Salesforce Ventures,Hill's Pet Nutrition,,
,,,Welch's,,,,BlackRock,,,Adobe,Huntsman Corporation,,,Edible,SpaceX,,,,,Battelle,PwC,Epic Games,Bureau of Labor Statistics,Grand Canyon Education,Tektronix,Citigroup,EY,JetBlue Airways,ATI Physical Therapy,Wrangler,Meredith Corporation,,,,,,,Library of Congress,Select Medical,UPS,Ford,Elevance Health,,Opportunity International,,Boeing,Squire Patton Boggs,,Stryker,Adidas,,General Motors,McKinsey & Company,University Hospitals,,,Mute Records,Walmart,Froedtert & the Medical College of Wisconsin,,,Organon,McKinsey & Company,,,,,,Berkadia,,,,Administration for Children and Families,Day & Ross,,,,Alphabet,Purina,,
,,,Glanbia Nutritionals,,,,Capital One,,,Intel,Lubrizol,,,Zimmerman Agency,Boeing,,,,,MITRE,EY,Oracle,Congressional Budget Office,Adtalem Global Education,Teradyne,Wells Fargo,PwC,Alaska Airlines,Encompass Health,Lee,BuzzFeed,,,,,,,Government Publishing Office,Walgreens Boots Alliance,Marriott International,Boeing,Humana,,Mercy Ships,,Lockheed Martin,Huntons Andrews Kurth,,Boston Scientific,Under Armour,,Raytheon Technologies,Boston Consulting Group,Nationwide Children's Hospital,,,Thrill Jockey Records,Target,Loyola Medicine,,,Catalent,Bain & Company,,,,,,Northmarq,,,,Substance Abuse and Mental Health Services Administration,Purolator,,,,Microsoft Venture Fund,Nestlé Purina PetCare,,
,,,Leprino Foods,,,,Visa,,,Cisco,Corteva Agriscience,,,Coyne PR,Lockheed Martin,,,,,Sandia National Laboratories,KPMG,Cisco,Brookings Institution,Southern New Hampshire University,Western Digital,PepsiCo,KPMG,Host Hotels & Resorts,HCA Healthcare,Dickies,Roku,,,,,,,U.S. District Courts,Rite Aid,Hilton,Lockheed Martin,Cigna,,Food for the Hungry,,Northrop Grumman,Vinson & Elkins,,Abbott,Gap Inc.,,Honeywell,Bain & Company,Methodist Le Bonheur Healthcare,,,Polyvinyl Record Co.,The Home Depot,Sentara Healthcare,,,Charles River Laboratories,Accenture,,,,,,Walker & Dunlop,,,,Centers for Disease Control and Prevention,Bison Transport,,,,CapitalG,Blue Buffalo,,
,,,Saputo,,,,Mastercard,,,Dell Technologies,FMC Corporation,,,BerlinRosen,Northrop Grumman,,,,,Los Alamos National Laboratory,Booz Allen Hamilton,ServiceNow,National Bureau of Economic Research,Western Governors University,Seagate Technology,Coca-Cola,Chevron,Highgate,Kaiser Permanente,Carhartt,YouTube,,,,,,,United Nations (U.S. Mission),GoodRx,Delta Air Lines,Northrop Grumman,Centene,,Covenant House,,Raytheon Technologies,Baker Botts,,Baxter International,Sephora,,General Dynamics,Accenture,Baptist Health South Florida,,,Drag City,Nike,Cone Health,,,IQVIA,Deloitte,,,,,,KeyBank Real Estate Capital,,,,Social Security Administration,Challenger Motor Freight,,,,Sapphire Ventures,Freshpet,,
,,,Agropur,,,,American Express,,,Hewlett Packard Enterprise,Nvidia,,,Global Strategy Group,Raytheon Technologies,,,,,Boeing,Boeing,Workday,Bill & Melinda Gates Foundation,Arizona State University,Skyworks Solutions,Unilever,ExxonMobil,Benchmark Resorts & Hotels,UnitedHealth Group,Foot Locker,TikTok,,,,,,,World Bank (U.S. Executive Director),Teladoc Health,Southwest Airlines,Raytheon Technologies,HCA Healthcare,,Big Brothers Big Sisters of America,,Ford Motor Company,Troutman Pepper,,Danaher,Red Bull,,NASA Jet Propulsion Laboratory,Deloitte,Jackson Health System,,,Saddle Creek Records,Disney,Novant Health,,,Labcorp,PwC,,,,,,Capital One Commercial Real Estate,,,,Indian Health Service,Kriska Transportation Group,,,,Tusk Venture Partners,Central Garden & Pet,,
,,,California Dairies,,,,PayPal,,,3M,Samsung Semiconductor,,,Mercury Public Affairs,General Dynamics,,,,,Honeywell,Lockheed Martin,HubSpot,United Nations,University of Phoenix,Marvell Technology,Procter & Gamble,Shell,Omni Hotels & Resorts,CVS Health,Finish Line,Meta,,,,,,,International Monetary Fund (U.S. Executive Director),Accenture,General Electric,Honeywell,Tenet Healthcare,,Make-A-Wish Foundation,,General Motors,Nelson Mullins Riley & Scarborough,,Thermo Fisher Scientific,Anheuser-Busch InBev,,Lawrence Livermore National Laboratory,PwC,Loma Linda University Health,,,Ghostly International,Netflix,Hackensack Meridian Health,,,Quest Diagnostics,EY,,,,,,UDR,,,,National Institutes of Health,Canada Cartage,,,,Susa Ventures,Chewy,,
,,,Northwest Dairy Association,,,,Stripe,,,Honeywell,Applied Materials,,,SKDK,Capital One,,,,,Collins Aerospace,Northrop Grumman,Atlassian,World Trade Organization,American Public Education,Microchip Technology,Johnson & Johnson,BP,Loews Hotels,Walgreens Boots Alliance,Zappos,Google,,,,,,,National Labor Relations Board,Deloitte,3M,Johnson & Johnson,Mayo Clinic,,Feeding America,,Tesla,Gordon Rees Scully Mansukhani,,Bayer,Kellogg's,,Los Alamos National Laboratory,EY,Scripps Health,,,Stones Throw Records,Salesforce,Atlantic Health System,,,Parexel,KPMG,,,,,,Essex Property Trust,,,,U.S. Department of Housing and Urban Development,Armour Transportation Systems,,,,Greycroft,Rover.com,,
,,,Darigold,,,,Square,,,Lockheed Martin,Texas Instruments,,,Bully Pulpit Interactive,Goldman Sachs,,,,,Intel,SpaceX,Autodesk,Analysis Group,Strayer University,ON Semiconductor,Nestle,NextEra Energy,Sonesta International Hotels,Clif Bar & Company,Warby Parker,Snap Inc.,,,,,,,Equal Employment Opportunity Commission,McKinsey & Company,Procter & Gamble,Pfizer,Cleveland Clinic,,United Nations Foundation,,Johnson & Johnson,Cozen O'Connor,,Pfizer,Nestle,,Oak Ridge National Laboratory,KPMG,Sharp HealthCare,,,Brainfeeder,Adobe,Beth Israel Deaconess Medical Center,,,Syneos Health,Goldman Sachs,,,,,,Mid-America Apartment Communities,,,,U.S. Department of Education,Midland Transport,,,,Slow Ventures,Trupanion,,
,,,Associated Milk Producers,,,,Fidelity Investments,,,Northrop Grumman,Lockheed Martin,,,Kivvit,JPMorgan Chase,,,,,Apple,Raytheon Technologies,Zillow,Cornerstone Research,DeVry University,Wolfspeed,Walmart,Duke Energy,Standard International,Athletic Greens,Allbirds,Twitter,,,,,,,Occupational Safety and Health Administration,Boston Consulting Group,Unilever,UnitedHealth Group,Kaiser Permanente,,Global Fund for Women,,Pfizer,Seyfarth Shaw,,Merck,Danaher,,Sandia National Laboratories,AECOM,AdventHealth,,,Young Turks,ServiceNow,Brigham and Women's Hospital,,,PPD,J.P. Morgan,,,,,,Camden Property Trust,,,,USAID,Sunbury Transport,,,,Lerer Hippeau,Nationwide Pet Insurance,,
,,,Foremost Farms USA,,,,CVS Health,,,Raytheon Technologies,Boeing,,,Highwire PR,Morgan Stanley,,,,,Oracle,General Motors,Redfin,NERA Economic Consulting,Universal Technical Institute,Rivian,Target,Pacific Gas and Electric,Noble House Hotels & Resorts,Quest Nutrition,Everlane,Twitch,,,,,,,Food and Drug Administration,Bain & Company,Tesla,CVS Health,JPMorgan Chase,,Open Society Foundations,,Moderna,Barnes & Thornburg,,Eli Lilly,3M,,Federal Reserve Board,Bechtel,Orlando Health,,,4AD,Workday,Children's National Hospital,,,ICON,Morgan Stanley,,,,,,Duke Realty,,,,World Bank Group,Maritime Ontario Freight Lines,,,,Eniac Ventures,Healthy Paws Pet Insurance,,
,,,Prairie Farms Dairy,,,,UnitedHealth Group,,,Uber,Northrop Grumman,,,Sway Effect,Visa,,,,,Salesforce,Ford Motor Company,Lyft,Charles River Associates,Lincoln Tech,Lucid Motors,Costco,Tesla,Rosewood Hotel Group,Bodybuilding.com,Aritzia,Spotify,,,,,,,National Highway Traffic Safety Administration,Optum,Uber,Walmart,Goldman Sachs,,MacArthur Foundation,,UnitedHealth Group,Fox Rothschild,,Amgen,Honeywell,,Bureau of Labor Statistics,Jacobs,UCLA Health,,,Glassnote Records,Capital One,Seattle Children's,,,WuXi AppTec,BlackRock,,,,,,Healthpeak Properties,,,,United Nations,Clarke Transport,,,,Bowery Capital,Embrace Pet Insurance,,
,,,Schreiber Foods,,,,Johnson & Johnson,,,Airbnb,General Electric,,,Havas PR,Mastercard,,,,,Visa,General Electric,Expedia Group,Compass Lexecon,Full Sail University,Blue Origin,Home Depot,General Electric,Belmond,GNC,Free People,Endeavor,,,,,,,Pension Benefit Guaranty Corporation,Cerner,Airbnb,Target,Morgan Stanley,,W.K. Kellogg Foundation,,Mayo Clinic,Locke Lord,,Gilead Sciences,General Electric,,Internal Revenue Service,Kiewit,UC San Diego Health,,,Big Machine Label Group,American Express,Cincinnati Children's,,,Dr. Reddy's Laboratories,Two Sigma,,,,,,Iron Mountain,,,,International Medical Corps,TransX Group of Companies,,,,Primary Venture Partners,Fetch by The Dodo,,
,,,Land O'Frost,,,,Pfizer,,,Capital One,Raytheon Technologies,,,Dentsu,American Express,,,,,Mastercard,Honeywell,Booking.com,The Brattle Group,Capella University,Virgin Galactic,Lowe's,Honeywell,Auberge Resorts Collection,The Vitamin Shoppe,Anthropologie,Creative Artists Agency (CAA),,,,,,,Federal Housing Finance Agency,Epic Systems,Adobe,Nike,Citigroup,,Bloomberg Philanthropies,,Harvard University,Dinsmore & Shohl,,Bristol Myers Squibb,Boeing,,Central Intelligence Agency,Halliburton,UCI Health,,,Curb Records,Citigroup,Nationwide Children's Hospital,,,Sun Pharmaceutical,Renaissance Technologies,,,,,,Crown Castle,,,,Compassus,Kindersley Transport,,,,Work-Bench,Pumpkin Pet Insurance,,
,,,Butterball,,,,Moderna,,,Charles Schwab,W. R. Grace,,,Target,Johnson & Johnson,,,,,JPMorgan Chase,Nike,Wayfair,Oliver Wyman,Walden University,Waymo,Starbucks,Siemens,Mandarin Oriental Hotel Group,Monster Energy,J.Crew,United Talent Agency (UTA),,,,,,,Export-Import Bank of the United States,Oracle Health,ServiceNow,The Walt Disney Company,Bank of America,,PEW Charitable Trusts,,Stanford University,Stinson,,Estée Lauder,IBM,,Federal Bureau of Investigation,Schlumberger,UC Davis Health,,,Broken Bow Records,General Electric,Texas Health Resources,,,Lupin,Jane Street,,,,,,Alexandria Real Estate Equities,,,,Gentiva Health Services,Rosenau Transport,,,,Correlation Ventures,Lemonade,,
,,,Foster Farms,,,,Merck,,,Prudential Financial,Cabot Corporation,,,Nike,Pfizer,,,,,Goldman Sachs,Starbucks,Warby Parker,Mercer,Liberty University,Zoox,Nike,3M,Fairmont Hotels & Resorts,PepsiCo,Madewell,William Morris Endeavor (WME),,,,,,,Millennium Challenge Corporation,GE HealthCare,SAP,Warner Bros. Discovery,Wells Fargo,,William and Flora Hewlett Foundation,,Massachusetts Institute of Technology,Fish & Richardson,,L'Oréal,Oracle,,National Institutes of Health,Baker Hughes,City of Hope,,,Big Loud Records,Siemens,Piedmont Healthcare,,,Aurobindo Pharma,D.E. Shaw & Co.,,,,,,W. P. Carey,,,,Amedisys,Westcan Bulk Transport,,,,Uncork Capital,Wisdom Panel,,
,,,Mountaire Farms,,,,Bristol Myers Squibb,,,MetLife,Ingevity,,,Coca-Cola,Moderna,,,,,Morgan Stanley,PepsiCo,Casper,Willis Towers Watson,2U,Cruise,Disney,Dow,The Ritz-Carlton,Coca-Cola Company,Brooks Brothers,ICM Partners,,,,,,,Inter-American Foundation,Siemens Healthineers,Wayfair,Paramount Global,BlackRock,,David and Lucile Packard Foundation,,,Kramer Levin Naftalis & Frankel,,Unilever,Cisco,,Centers for Disease Control and Prevention,General Dynamics Mission Systems,Henry Ford Health,,,Valory Music Co.,Texas Instruments,Wellstar Health System,,,Cipla,Palantir Technologies,,,,,,Kimco Realty,,,,Encompass Health,Trimac Transportation,,,,Precursor Ventures,Embark Veterinary,,
,,,Koch Foods,,,,Roche,,,Berkshire Hathaway,Ashland,,,PepsiCo,Disney,,,,,Bank of America,Coca-Cola,Allbirds,Gartner,SchoolSpecialty,Uber,Ford Motor Company,DuPont,St. Regis Hotels & Resorts,Topgolf Callaway Brands,L.L.Bean,Anonymous Content,,,,,,,African Development Foundation,Philips Healthcare,Stripe,Comcast,Vanguard,,Andrew W. Mellon Foundation,,,Schulte Roth & Zabel,,Colgate-Palmolive,LinkedIn,,Food and Drug Administration,BAE Systems,University of Michigan Health,,,BMG Rights Management,Micron Technology,Baptist Health South Florida,,,Hikma Pharmaceuticals,Cisco Systems,,,,,,Brixmor Property Group,,,,Acadia Healthcare,Gibson Energy,,,,Floodgate,Basepaws,,
,,,Wayne-Sanderson Farms,,,,Eli Lilly,,,Kraft Heinz,Solvay,,,Starbucks,Warner Bros. Discovery,,,,,Capital One,Procter & Gamble,Glossier,State Street,Frontline Education,Lyft,General Motors,Boeing,Waldorf Astoria Hotels & Resorts,TaylorMade Golf,Lands' End,Plan B Entertainment,,,,,,,Peace Corps,Intuitive Surgical,Palantir,Activision Blizzard,Fidelity Investments,,Gordon and Betty Moore Foundation,,,Fenwick & West,,Kimberly-Clark,TikTok,,Environmental Protection Agency,Leidos,Corewell Health,,,Concord,Applied Materials,Jackson Health System,,,Fresenius Kabi,Oracle,,,,,,Regency Centers,,,,Bright Horizons,Keyera,,,,Cowboy Ventures,Animal Biome,,
,,,Case Farms,,,,GE Aerospace,,,General Mills,Evonik,,,American Express,Nike,,,,,UnitedHealth Group,Home Depot,Robinhood,BNY Mellon,Campus Management,Airbnb,Boeing,Lockheed Martin,W Hotels,Titleist,Express,Chernin Entertainment,,,,,,,U.S. Trade Representative,Zimmer Biomet,Bain & Company,Electronic Arts,State Street,,Conrad N. Hilton Foundation,,,Steptoe,,Whirlpool,Snap Inc.,,Department of Energy,SAIC,Indiana University Health,,,Peermusic,Analog Devices,ChristianaCare,,,Grifols,National Institute of Standards and Technology,,,,,,Federal Realty Investment Trust,,,,KIPP Foundation,Pembina Pipeline,,,,Baseline Ventures,The Vets,,
,,,Simmons Foods,,,,Siemens,,,Unilever,Clariant,,,Visa,Ford Motor Company,,,,,Verizon,Lowe's,Coinbase,Northern Trust,D2L,Netflix,Lockheed Martin,Northrop Grumman,Westin Hotels & Resorts,Rawlings Sporting Goods,Fossil Group,Hello Sunshine,,,,,,,National Archives and Records Administration,Viatris,Willis Towers Watson,Take-Two Interactive,Capital One,,Kresge Foundation,,,Jenner & Block,,Stanley Black & Decker,Pinterest,,Akamai Technologies,Booz Allen Hamilton,Froedtert & the Medical College of Wisconsin,,,Kobalt Music Group,Zscaler,University of Maryland Medical System,,,Perrigo,Naval Research Laboratory,,,,,,Macerich,,,,Mercy Housing,Enbridge,,,,Harrison Metal,Vetted PetCare,,
,,,Peco Foods,,,,Accenture,,,L'Oreal,Arkema,,,Mastercard,General Motors,,,,,AT&T,UPS,Zoom,PIMCO,Roblox Education,Salesforce,Northrop Grumman,Raytheon Technologies,Sheraton Hotels & Resorts,Spalding,Steve Madden,Monkeypaw Productions,,,,,,,Office of Personnel Management,Moderna,Gallup,Epic Games,American Express,,Robert Wood Johnson Foundation,,,"Mintz, Levin, Cohn, Ferris, Glovsky and Popeo",,PACCAR,HubSpot,,Cisco Systems,General Atomics,University of Kansas Health System,,,Ticketmaster,Cloudflare,UAB Medicine,,,Elanco,Air Force Research Laboratory,,,,,,Douglas Emmett,,,,Volunteers of America,TC Energy,,,,Forerunner Ventures,Dutch Pet,,
,,,George's Inc.,,,,Deloitte,,,Estee Lauder,Nutrien,,,Goldman Sachs,Walmart,,,,,T-Mobile,FedEx,Duolingo,Allianz,Amazon Web Services Training and Certification,Adobe,Raytheon Technologies,General Dynamics,Holiday Inn,Speedo,Crocs,Syncopy,,,,,,,Selective Service System,Biogen,Aon,Roblox,Visa,,Annie E. Casey Foundation,,,Ballard Spahr,,Emerson Electric,Mailchimp,,Broadcom,Boston Scientific,University of Washington Medicine,,,SiriusXM,Tenable,Medical University of South Carolina,,,Idexx Laboratories,Defense Advanced Research Projects Agency,,,,,,Kilroy Realty,,,,Lutheran Services in America,Inter Pipeline,,,,FirstMark Capital,Pawp,,
,,,Clemens Food Group,,,,PwC,,,Abbott,Sabic,,,JPMorgan Chase,Target,,,,,Crowe,Chevron,Coursera,AIG,Adobe Education,ServiceNow,Salesforce,NASA,Crowne Plaza,Patagonia,Tory Burch,Plan B Entertainment,,,,,,,Federal Maritime Commission,Vertex Pharmaceuticals,Gartner,HubSpot,Mastercard,,United Nations Children's Fund (UNICEF),,,BakerHostetler,,Eaton,VaynerMedia,,Qualcomm,Intuitive Surgical,Oregon Health & Science University,,,Pandora,CrowdStrike,Tampa General Hospital,,,Agilent Technologies,United States Department of Energy,,,,,,Rockefeller Group,,,,Jewish Federations of North America,Trans Mountain,,,,RRE Ventures,Vetster,,
,,,National Beef Packing Company,,,,EY,,,Bristol Myers Squibb,Chemours,,,Bank of America,Costco,,,,,Guidehouse,ExxonMobil,Asana,MetLife,Herzing University,Intuit,Intel,U.S. Environmental Protection Agency,Kimpton Hotels & Restaurants,The North Face,Marc Jacobs,Working Title Films,,,,,,,National Transportation Safety Board,Illumina,Kelly Services,Dropbox,PayPal,,World Food Programme,,,Winston & Strawn,,Rockwell Automation,Edelman,,Texas Instruments,BD,UT Southwestern Medical Center,,,iHeartMedia,Splunk,Moffitt Cancer Center,,,Waters Corporation,National Institutes of Health,,,,,,The Howard Hughes Corporation,,,,Habitat for Humanity International,Wolf Midstream,,,,BoxGroup,Airvet,,
,,,Greater Omaha Packing,,,,KPMG,,,Eli Lilly,Trane Technologies,,,Johnson & Johnson,PepsiCo,,,,,Protiviti,Verizon,Trello,Prudential Financial,ECPI University,Workday,Cisco,U.S. Army Corps of Engineers,Hampton by Hilton,Columbia Sportswear,Tom Ford,Scott Free Productions,,,,,,,Nuclear Regulatory Commission,VCA Animal Hospitals,Allegis Group,DocuSign,Charles Schwab,,United Nations Development Programme,,,O'Melveny & Myers,,Parker Hannifin,BBDO,,Micron Technology,Thermo Fisher Scientific,Baylor Scott & White Health,,,Audacy,NetApp,Scripps Health,,,PerkinElmer,National Security Agency,,,,,,Extell Development Company,,,,Direct Relief,Tidewater Midstream and Infrastructure,,,,Revolution,Fuzzy Pet Health,,
,,,Creekstone Farms,,,,McKinsey & Company,,,Thermo Fisher Scientific,Johnson Controls,,,Pfizer,Coca-Cola,,,,,Coalfire,AT&T,Monday.com,Humana,Post University,Palantir Technologies,IBM,U.S. Bureau of Reclamation,Garden Inn by Hilton,Oakley,Estee Lauder Companies,Alcon Entertainment,,,,,,,Postal Regulatory Commission,Banfield Pet Hospital,TEKsystems,Twilio,Edward Jones,,Center for Strategic and International Studies,,,Paul Hastings,,Illinois Tool Works,McCann Worldgroup,,Netflix,Illumina,Memorial Hermann Health System,,,NPR,Pure Storage,Saint Luke's Health System,,,Bruker,Verizon,,,,,,Silverstein Properties,,,,Doctors Without Borders USA,AltaGas,,,,Costanoa Ventures,Standard Process,,
,,,Pioneer Hi-Bred,,,,Boston Consulting Group,,,Danaher,Emerson Electric,,,Ford Motor Company,Procter & Gamble,,,,,NCC Group,T-Mobile,Notion,CVS Health,Northcentral University,Snowflake,Oracle,U.S. Department of Energy,DoubleTree by Hilton,Reebok,Coty,Annapurna Pictures,,,,,,,Consumer Product Safety Commission,BlueCross BlueShield Association,Insight Global,Okta,Northwestern Mutual,,Council on Foreign Relations,,,Susman Godfrey,,DuPont,Leo Burnett,,The Walt Disney Company,Uber,Houston Methodist,,,Wondery,F5,Inova Health System,,,Mettler Toledo,AT&T,,,,,,Bridge Investment Group,,,,Mercy Corps,Brookfield Infrastructure Partners,,,,Aspect Ventures,Nutramax Laboratories,,
,,,Valent U.S.A.,,,,Bain & Company,,,Caterpillar,Schneider Electric,,,General Motors,ExxonMobil,,,,,Bishop Fox,Comcast,Canva,IBM,Columbia Southern University,Autodesk,Adobe,National Park Service,Courtyard by Marriott,Puma,L'Oreal USA,Neon,,,,,,,Election Assistance Commission,Aetna,Aerotek,Unity,Ameriprise Financial,,Brookings Institution,,,Boies Schiller Flexner,,Dow,Wieden+Kennedy,,Warner Bros. Discovery,Lyft,Christus Health,,,SoundCloud,Extreme Networks,Riverside Health System,,,Bio-Rad Laboratories,T-Mobile,,,,,,Crow Holdings,,,,Oxfam America,Northwest Natural Holding Company,,,,Canvas Ventures,Vetoquinol,,
,,,FMC Corporation,,,,Booz Allen Hamilton,,,Deere & Company,Rockwell Automation,,,Boeing,Chevron,,,,,Black Hills Information Security,Workday,Pinterest,Intel,National University,Synopsys,ServiceNow,U.S. Geological Survey,Residence Inn by Marriott,Skechers,Revlon,Magnolia Pictures,,,,,,,Federal Election Commission,MetLife,Kforce,Zscaler,Raymond James,,Heritage Foundation,,,Cahill Gordon & Reindel,,BASF,Digitas,,Paramount Global,Airbnb,Ochsner Health,,,Electronic Arts,CommScope,Loma Linda University Health,,,Qiagen,,,,,,,CIM Group,,,,Heifer International,Avista,,,,Defy.vc,Bimeda,,
,,,Scotts Miracle-Gro,,,,Walmart,,,American Airlines,Black & Veatch,,,Lockheed Martin,McKesson,,,,,CrowdStrike Services,ServiceNow,TikTok,Tesla,Thomas Edison State University,Cadence Design Systems,Workday,U.S. Forest Service,SpringHill Suites by Marriott,Vans,Mary Kay,IFC Films,,,,,,,International Trade Commission,Prudential Financial,Egon Zehnder,Fortinet,TIAA,,Cato Institute,,,Freshfields Bruckhaus Deringer,,Eastman Chemical,Grey Group,,Nike,Netflix,Medical University of South Carolina,,,Activision Blizzard,Crown Castle,UC Davis Health,,,West Pharmaceutical Services,,,,,,,AEW Capital Management,,,,Operation Smile,Black Hills Corporation,,,,Emergence Capital,Bayer Animal Health,,
,,,American Vanguard,,,,Target,,,Delta Air Lines,AECOM,,,Delta Air Lines,UnitedHealth Group,,,,,IBM X-Force,Slack,Bumble,Palantir Technologies,Excelsior University,Ansys,NVIDIA,California Department of Water Resources,Fairfield by Marriott,Converse,Sephora,Kirsten Smith Productions,,,,,,,Federal Labor Relations Authority,New York Life,Russell Reynolds Associates,Akamai,PwC,,Center for Global Development,,,Linklaters,,Sherwin-Williams,TBWA Worldwide,,Target,Palantir Technologies,Novant Health,,,Epic Games,American Tower,UCI Health,,,Avantor,,,,,,,Lendlease,,,,Ronald McDonald House Charities,Chesapeake Utilities,,,,GGV Capital,Norbrook,,
,,,Zoetis,,,,Nike,,,United Airlines,KBR,,,United Airlines,Verizon,,,,,Iron Mountain,Zoom,Hinge,Oracle,Bay Path University,National Instruments,Uber,Texas Commission on Environmental Quality,TownePlace Suites by Marriott,Timberland,Ulta Beauty,The Kennedy/Marshall Company,,,,,,,Merit Systems Protection Board,Northwestern Mutual,Boyden,NetApp,EY,,Atlantic Council,,,Clifford Chance,,Carrier Global,Saatchi & Saatchi,,Walmart,Waymo,Cone Health,,,Riot Games,Digital Realty,Scripps Health,,,Lonza,,,,,,,Asset Living,,,,Susan G. Komen,MDU Resources Group,,,,Goodwater Capital,Kela,,
,,,Elanco Animal Health,,,,Starbucks,,,Southwest Airlines,Wood,,,American Airlines,AT&T,,,,,Rackspace,HubSpot,Match Group,Adobe,Rasmussen University,Rockwell Automation,Lyft,Florida Department of Environmental Protection,Best Western Hotels & Resorts,L.L.Bean,Bath & Body Works,The Saul Zaentz Company,,,,,,,National Mediation Board,MassMutual,DHR Global,Juniper Networks,Deloitte,,Carnegie Endowment for International Peace,,,Allen & Overy,,Trane Technologies,R/GA,,FedEx,Zoox,WakeMed,,,Take-Two Interactive,Lumen Technologies,Main Line Health,,,Samsung Biologics,,,,,,,RPM Living,,,,Wounded Warrior Project,NiSource,,,,Ribbit Capital,Parnell Living Science,,
,,,IDEXX Laboratories,,,,The Walt Disney Company,,,eBay,Worley,,,FedEx,T-Mobile,,,,,DigitalOcean,Tableau,Peloton,Cisco,Paper,Emerson Electric,Airbnb,New York State Department of Environmental Conservation,Motel 6,Outdoor Voices,Signet Jewelers,The Ladd Company,,,,,,,Railroad Retirement Board,AFLAC,WittKieffer,Micron Technology,KPMG,,German Marshall Fund,,,Gunderson Dettmer Stough Villeneuve Franklin & Hachigian,,Johnson Controls,AKQA,,UPS,Cruise,Main Line Health,,,Ubisoft,Liberty Global,Methodist Le Bonheur Healthcare,,,Fujifilm Diosynth Biotechnologies,,,,,,,BH Management Services,,,,Boys Town,NorthWestern Energy,,,,Valar Ventures,Kindred Biosciences,,
,,,Neogen,,,,Warner Bros. Discovery,,,PayPal,Stantec,,,UPS,Accenture,,,,,SolarWinds,Alteryx,Roku,Chevron,Remind,ABB,Salesforce,The Nature Conservancy,Super 8,Fabletics,Tiffany & Co.,The Geffen Company,,,,,,,Federal Mine Safety and Health Review Commission,State Farm,Lucas Group,Applied Materials,McKinsey & Company,,International Crisis Group,,,Lowenstein Sandler,,Waste Management,VML,,United Airlines,,ChristianaCare,,,Bungie,T-Systems,Riley Children's Health,,,MilliporeSigma,,,,,,,Willow Bridge Property Company,,,,National Urban League,Southwest Gas Holdings,,,,Craft Ventures,Aratana Therapeutics,,
,,,Kubota North America,,,,Paramount Global,,,ServiceNow,Tetra Tech,,,Walmart,Deloitte,,,,,Broadcom,SAS Institute,Hulu,Shell,ClassDojo,Mitsubishi Electric,Visa,World Wildlife Fund,Red Roof,Gymshark,Cartier,The Samuel Goldwyn Company,,,,,,,National Indian Gaming Commission,Allstate,,Lam Research,Boston Consulting Group,,National Democratic Institute,,,Choate Hall & Stewart,,Republic Services,Ketchum,,Delta Air Lines,,Loyola Medicine,,,Sony Interactive Entertainment,Black & Veatch,Providence St. Joseph Health,,,Sartorius,,,,,,,FPI Management,,,,UnidosUS,Spire,,,,Coatue Management,Jaguar Health,,
,,,CNH Industrial,,,,Verizon,,,Workday,Eaton,,,Procter & Gamble,PwC,,,,,Juniper Networks,Teradata,Paramount,BP,Seesaw,Hitachi,Mastercard,Sierra Club,La Quinta by Wyndham,Alo Yoga,Pandora,The Weinstein Company,,,,,,,United States Institute of Peace,Liberty Mutual,,KLA Corporation,Bain & Company,,International Republican Institute,,,"Munger, Tolles & Olson",,Schneider Electric,Weber Shandwick,,American Airlines,,University of Iowa Health Care,,,Microsoft Gaming,Jacobs,,,,Eurofins Scientific,,,,,,,WinnCompanies,,,,Southern Poverty Law Center,Unitil,,,,Iconiq Capital,Better Choice Company,,
,,,CLAAS of America,,,,AT&T,,,Intuit,Parker Hannifin,,,Unilever,EY,,,,,Dell Technologies,Splunk,Warner Bros. Discovery,,,Toshiba,American Express,Environmental Defense Fund,Days Inn,Vuori,Shinola,,,,,,,,Corporation for Public Broadcasting,Travelers,,Synopsys,Grant Thornton,,Solidarity Center,,,Williams & Connolly,,Siemens USA,FleishmanHillard,,Boeing,,Children's Mercy Kansas City,,,,AECOM,,,,Intertek,,,,,,,Bozzuto,,,,Human Rights Campaign,Atmos Energy,,,,Dragoneer Investment Group,Freshpet,,
,,,Mahindra USA,,,,T-Mobile,,,Bloomberg,Danaher,,,L'Oréal,KPMG,,,,,HP,Zillow,Sony,,,TE Connectivity,UnitedHealth Group,Natural Resources Defense Council,Ramada by Wyndham,,Williams-Sonoma,,,,,,,,Legal Services Corporation,,,Cadence Design Systems,BDO,,Vital Voices Global Partnership,,,,,Bosch USA,,,Northrop Grumman,,Children's Healthcare of Atlanta,,,,Bechtel,,,,,,,,,,,Cortland,,,,Environmental Defense Fund,New Jersey Resources,,,,,Zomedica,,
,,,Valmont Industries,,,,,,,Thomson Reuters,Thermo Fisher Scientific,,,,McKinsey & Company,,,,,Arista Networks,Redfin,Samsung,,,Corning,CVS Health,,Travelodge,,Wayfair,,,,,,,,Neighborhood Reinvestment Corporation,,,,RSM US,,,,,,,Cargill,,,,,Shriners Children's,,,,Fluor,,,,,,,,,,,Alliance Residential Company,,,,Sierra Club,One Gas,,,,,VolitionRx,,
,,,Lindsay Corporation,,,,,,,,,,,,Boston Consulting Group,,,,,Gigamon,,Nintendo,,,,Ecolab,,,,,,,,,,,,National Railroad Passenger Corporation (Amtrak),,,,,,,,,,,,,,,,,,,,,,,,,,,,,,,,,,,,South Jersey Industries,,,,,PetIQ,,
,,,,,,,,,,,,,,,Bain & Company,,,,,ExtraHop,,,,,,,,,,,,,,,,,,American Red Cross,,,,,,,,,,,,,,,,,,,,,,,,,,,,,,,,,,,,UGI Corporation,,,,,,,
,,,,,,,,,,,,,,,,,,,,Vectra AI,,,,,,,,,,,,,,,,,,,,,,,,,,,,,,,,,,,,,,,,,,,,,,,,,,,,,,American Water Works,,,,,,,
,,,,,,,,,,,,,,,,,,,,LogRhythm,,,,,,,,,,,,,,,,,,,,,,,,,,,,,,,,,,,,,,,,,,,,,,,,,,,,,,California Water Service Group,,,,,,,
,,,,,,,,,,,,,,,,,,,,Exabeam,,,,,,,,,,,,,,,,,,,,,,,,,,,,,,,,,,,,,,,,,,,,,,,,,,,,,,Middlesex Water Company,,,,,,,
,,,,,,,,,,,,,,,,,,,,Sumo Logic,,,,,,,,,,,,,,,,,,,,,,,,,,,,,,,,,,,,,,,,,,,,,,,,,,,,,,SJW Group,,,,,,,
,,,,,,,,,,,,,,,,,,,,GreyNoise Intelligence,,,,,,,,,,,,,,,,,,,,,,,,,,,,,,,,,,,,,,,,,,,,,,,,,,,,,,York Water Company,,,,,,,
,,,,,,,,,,,,,,,,,,,,Recorded Future,,,,,,,,,,,,,,,,,,,,,,,,,,,,,,,,,,,,,,,,,,,,,,,,,,,,,,Artesian Resources,,,,,,,
,,,,,,,,,,,,,,,,,,,,Flashpoint,,,,,,,,,,,,,,,,,,,,,,,,,,,,,,,,,,,,,,,,,,,,,,,,,,,,,,Global Water Resources,,,,,,,
,,,,,,,,,,,,,,,,,,,,Mandiant Advantage,,,,,,,,,,,,,,,,,,,,,,,,,,,,,,,,,,,,,,,,,,,,,,,,,,,,,,Pure Cycle Corporation,,,,,,,
,,,,,,,,,,,,,,,,,,,,,,,,,,,,,,,,,,,,,,,,,,,,,,,,,,,,,,,,,,,,,,,,,,,,,,,,,,Consolidated Water,,,,,,,
,,,,,,,,,,,,,,,,,,,,,,,,,,,,,,,,,,,,,,,,,,,,,,,,,,,,,,,,,,,,,,,,,,,,,,,,,,Cadiz,,,,,,,